Workbook

Sheet 9-1
C1: របាយការណ៏ដូរម្ជុលដេរ​ប្រចាំថ្ងៃ Daily Needles Change Report 每日针头更换报告 | G1: 46031 | J1: ខ្សែដេរម្ជុលដែលបានផ្តល់ជូន, Issued Needle Sewing Line, 缝纫线
A2: លរ No. 数字 | B2: ប្រភេទម្ជុល Needle Type 针型 | C2: ទំហំ​ SIZE 尺寸 | D2: ចំនួននៅសល់ Stock Left 剩余库存 | E2: ម្ជុលដែលបានផ្តល់ជូន, Issued Needle, 已发放的针头 | F2: តុល្យភាព Balance 平衡 | G2: សំគាល់ Remark 评论 | J2: Line# 1 | K2: Line# 2 | L2: Line# 3 | M2: Line# 4 | N2: Line# 5 | O2: Line# 6 | P2: Line# 7 | Q2: Line# 8 | R2: Line# 9 | S2: Line# 10 | T2: Line# 11 | U2: Line# 12
A3: 1 | B3: DBX1 | C3: 100/16 | D3: 330 | E3: 10 | F3: =D3-E3 -> 320 | G3: ប្តូរម៉ូដ Change Style, 更改样式 | J3: 1 | L3: 7 | O3: 1 | P3: 1 | X3: ខូច​ Damage 损害
A4: 2 | B4: DBX1 | C4: 90/14 | D4: 970 | E4: =SUM(J4:U4) -> 0 | F4: =D4-E4 -> 970 | X4: បាក់​ Broken 破碎的
A5: 3 | B5: DBX1 | C5: 80/12 | D5: 310 | E5: 10 | F5: =D5-E5 -> 300 | G5: ប្តូរម៉ូដ Change Style, 更改样式 | J5: 1 | K5: 9 | X5: ប្តូរម៉ូដ Change Style, 更改样式
A6: 4 | B6: DBX1 | C6: 65/9 | D6: 60 | E6: =SUM(J6:U6) -> 0 | F6: =D6-E6 -> 60 | X6: បាត់​ Lost 迷失
A7: 5 | B7: DBX1 | C7: 110/18 | D7: 0 | F7: =D7-E7 -> 0 | X7: ផ្សេងៗ​ Other 其他
A8: 6 | B8: DCX27 | C8: 100/16 | D8: 960 | E8: 10 | F8: =D8-E8 -> 950 | G8: ខូច​ Damage 损害 | J8: 2 | N8: 1 | O8: 2 | Q8: 3 | S8: 2
A9: 7 | B9: DCX27 | C9: 90/14 | D9: 960 | E9: 10 | F9: =D9-E9 -> 950 | G9: ខូច​ Damage 损害 | K9: 1 | L9: 4 | O9: 2 | P9: 2 | Q9: 1
A10: 8 | B10: DCX27 | C10: 80/12 | D10: 260 | E10: =SUM(J10:U10) -> 0 | F10: =D10-E10 -> 260
A11: 9 | B11: DPX5 | C11: 90/14 | D11: 350 | E11: =SUM(J11:U11) -> 0 | F11: =D11-E11 -> 350
A12: 10 | B12: DPX5 | C12: 120/19 | D12: 0 | E12: =SUM(J12:U12) -> 0 | F12: =D12-E12 -> 0
A13: 11 | B13: DPX5 | C13: 100/16 | D13: 170 | E13: 10 | F13: =D13-E13 -> 160 | G13: ប្តូរម៉ូដ Change Style, 更改样式 | K13: 4 | L13: 3 | P13: 1 | Q13: 2
A14: 12 | B14: DPX17 | C14: 100/16 | D14: 0 | E14: =SUM(J14:U14) -> 0 | F14: =D14-E14 -> 0
A15: 13 | B15: UOX113 | C15: 100/16 | D15: 620 | E15: =SUM(J15:U15) -> 0 | F15: =D15-E15 -> 620
A16: 14 | B16: DBX1 | C16: 75/11 | D16: 40 | E16: =SUM(J16:U16) -> 0 | F16: =D16-E16 -> 40
A17: 15 | B17: UOX113 | C17: 90/14 | D17: 290 | E17: =SUM(J17:U17) -> 0 | F17: =D17-E17 -> 290
A18: 16 | B18: UYx128 | C18: 100/16 | D18: 500 | E18: =SUM(J18:U18) -> 0 | F18: =D18-E18 -> 500
A19: 17 | B19: UYx128 | C19: 90/14 | D19: 240 | E19: =SUM(J19:U19) -> 0 | F19: =D19-E19 -> 240
D20: =AP20+E20-C20 -> 0
D21: =AP21+E21-C21 -> 0
E22: =SUBTOTAL(9,E3:E21) -> 50 | F22: =SUBTOTAL(9,F3:F21) -> 6010

Sheet 9-2
C1: របាយការណ៏ដូរម្ជុលដេរ​ប្រចាំថ្ងៃ Daily Needles Change Report 每日针头更换报告 | G1: 46062 | J1: ខ្សែដេរម្ជុលដែលបានផ្តល់ជូន, Issued Needle Sewing Line, 缝纫线
A2: លរ No. 数字 | B2: ប្រភេទម្ជុល Needle Type 针型 | C2: ទំហំ​ SIZE 尺寸 | D2: ចំនួននៅសល់ Stock Left 剩余库存 | E2: ម្ជុលដែលបានផ្តល់ជូន, Issued Needle, 已发放的针头 | F2: តុល្យភាព Balance 平衡 | G2: សំគាល់ Remark 评论 | J2: Line# 1 | K2: Line# 2 | L2: Line# 3 | M2: Line# 4 | N2: Line# 5 | O2: Line# 6 | P2: Line# 7 | Q2: Line# 8 | R2: Line# 9 | S2: Line# 10 | T2: Line# 11 | U2: Line# 12
A3: 1 | B3: DBX1 | C3: 100/16 | D3: 320 | E3: 20 | F3: =D3-E3 -> 300 | G3: ប្តូរម៉ូដ Change Style, 更改样式 | J3: 5 | L3: 3 | N3: 2 | O3: 4 | P3: 1 | R3: 2 | S3: 2 | U3: 1 | X3: ខូច​ Damage 损害
A4: 2 | B4: DBX1 | C4: 90/14 | D4: 970 | E4: =SUM(J4:U4) -> 0 | F4: =D4-E4 -> 970 | X4: បាក់​ Broken 破碎的
A5: 3 | B5: DBX1 | C5: 80/12 | D5: 300 | E5: =SUM(J5:U5) -> 0 | F5: =D5-E5 -> 300 | X5: ប្តូរម៉ូដ Change Style, 更改样式
A6: 4 | B6: DBX1 | C6: 65/9 | D6: 60 | E6: =SUM(J6:U6) -> 0 | F6: =D6-E6 -> 60 | X6: បាត់​ Lost 迷失
A7: 5 | B7: DBX1 | C7: 110/18 | D7: 0 | E7: =SUM(J7:U7) -> 0 | F7: =D7-E7 -> 0 | X7: ផ្សេងៗ​ Other 其他
A8: 6 | B8: DCX27 | C8: 100/16 | D8: 950 | E8: =SUM(J8:U8) -> 0 | F8: =D8-E8 -> 950
A9: 7 | B9: DCX27 | C9: 90/14 | D9: 950 | E9: =SUM(J9:U9) -> 0 | F9: =D9-E9 -> 950
A10: 8 | B10: DCX27 | C10: 80/12 | D10: 260 | E10: =SUM(J10:U10) -> 0 | F10: =D10-E10 -> 260
A11: 9 | B11: DPX5 | C11: 90/14 | D11: 350 | E11: =SUM(J11:U11) -> 0 | F11: =D11-E11 -> 350
A12: 10 | B12: DPX5 | C12: 120/19 | D12: 0 | E12: =SUM(J12:U12) -> 0 | F12: =D12-E12 -> 0
A13: 11 | B13: DPX5 | C13: 100/16 | D13: 160 | E13: 10 | F13: =D13-E13 -> 150 | G13: ប្តូរម៉ូដ Change Style, 更改样式 | J13: 5 | L13: 4 | P13: 1
A14: 12 | B14: DPX17 | C14: 100/16 | D14: 0 | E14: =SUM(J14:U14) -> 0 | F14: =D14-E14 -> 0
A15: 13 | B15: UOX113 | C15: 100/16 | D15: 620 | E15: =SUM(J15:U15) -> 0 | F15: =D15-E15 -> 620
A16: 14 | B16: DBX1 | C16: 75/11 | D16: 40 | E16: =SUM(J16:U16) -> 0 | F16: =D16-E16 -> 40
A17: 15 | B17: UOX113 | C17: 90/14 | D17: 290 | E17: =SUM(J17:U17) -> 0 | F17: =D17-E17 -> 290
A18: 16 | B18: UYx128 | C18: 100/16 | D18: 500 | E18: =SUM(J18:U18) -> 0 | F18: =D18-E18 -> 500
A19: 17 | B19: UYx128 | C19: 90/14 | D19: 240 | E19: =SUM(J19:U19) -> 0 | F19: =D19-E19 -> 240
D20: =AP20+E20-C20 -> 0
D21: =AP21+E21-C21 -> 0
E22: =SUBTOTAL(9,E3:E21) -> 30 | F22: =SUBTOTAL(9,F3:F21) -> 5980

Sheet 9-3
C1: របាយការណ៏ដូរម្ជុលដេរ​ប្រចាំថ្ងៃ Daily Needles Change Report 每日针头更换报告 | G1: 46090 | J1: ខ្សែដេរម្ជុលដែលបានផ្តល់ជូន, Issued Needle Sewing Line, 缝纫线
A2: លរ No. 数字 | B2: ប្រភេទម្ជុល Needle Type 针型 | C2: ទំហំ​ SIZE 尺寸 | D2: ចំនួននៅសល់ Stock Left 剩余库存 | E2: ម្ជុលដែលបានផ្តល់ជូន, Issued Needle, 已发放的针头 | F2: តុល្យភាព Balance 平衡 | G2: សំគាល់ Remark 评论 | J2: Line# 1 | K2: Line# 2 | L2: Line# 3 | M2: Line# 4 | N2: Line# 5 | O2: Line# 6 | P2: Line# 7 | Q2: Line# 8 | R2: Line# 9 | S2: Line# 10 | T2: Line# 11 | U2: Line# 12
A3: 1 | B3: DBX1 | C3: 100/16 | D3: 300 | E3: 0 | F3: =D3-E3 -> 300 | X3: ខូច​ Damage 损害
A4: 2 | B4: DBX1 | C4: 90/14 | D4: 970 | E4: =SUM(J4:U4) -> 0 | F4: =D4-E4 -> 970 | X4: បាក់​ Broken 破碎的
A5: 3 | B5: DBX1 | C5: 80/12 | D5: 300 | E5: =SUM(J5:U5) -> 0 | F5: =D5-E5 -> 300 | X5: ប្តូរម៉ូដ Change Style, 更改样式
A6: 4 | B6: DBX1 | C6: 65/9 | D6: 60 | E6: =SUM(J6:U6) -> 0 | F6: =D6-E6 -> 60 | X6: បាត់​ Lost 迷失
A7: 5 | B7: DBX1 | C7: 110/18 | D7: 0 | E7: =SUM(J7:U7) -> 0 | F7: =D7-E7 -> 0 | X7: ផ្សេងៗ​ Other 其他
A8: 6 | B8: DCX27 | C8: 100/16 | D8: 950 | E8: 10 | F8: =D8-E8 -> 940 | G8: ប្តូរម៉ូដ Change Style, 更改样式 | J8: 2 | O8: 2 | P8: 2 | R8: 1 | S8: 3
A9: 7 | B9: DCX27 | C9: 90/14 | D9: 950 | E9: =SUM(J9:U9) -> 0 | F9: =D9-E9 -> 950
A10: 8 | B10: DCX27 | C10: 80/12 | D10: 260 | E10: =SUM(J10:U10) -> 0 | F10: =D10-E10 -> 260
A11: 9 | B11: DPX5 | C11: 90/14 | D11: 350 | E11: =SUM(J11:U11) -> 0 | F11: =D11-E11 -> 350
A12: 10 | B12: DPX5 | C12: 120/19 | D12: 0 | E12: =SUM(J12:U12) -> 0 | F12: =D12-E12 -> 0
A13: 11 | B13: DPX5 | C13: 100/16 | D13: 150 | E13: =SUM(J13:U13) -> 0 | F13: =D13-E13 -> 150
A14: 12 | B14: DPX17 | C14: 100/16 | D14: 0 | E14: =SUM(J14:U14) -> 0 | F14: =D14-E14 -> 0
A15: 13 | B15: UOX113 | C15: 100/16 | D15: 620 | E15: =SUM(J15:U15) -> 0 | F15: =D15-E15 -> 620
A16: 14 | B16: DBX1 | C16: 75/11 | D16: 40 | E16: =SUM(J16:U16) -> 0 | F16: =D16-E16 -> 40
A17: 15 | B17: UOX113 | C17: 90/14 | D17: 290 | E17: =SUM(J17:U17) -> 0 | F17: =D17-E17 -> 290
A18: 16 | B18: UYx128 | C18: 100/16 | D18: 500 | E18: =SUM(J18:U18) -> 0 | F18: =D18-E18 -> 500
A19: 17 | B19: UYx128 | C19: 90/14 | D19: 240 | E19: =SUM(J19:U19) -> 0 | F19: =D19-E19 -> 240
D20: =AP20+E20-C20 -> 0
D21: =AP21+E21-C21 -> 0
E22: =SUBTOTAL(9,E3:E21) -> 10 | F22: =SUBTOTAL(9,F3:F21) -> 5970

Sheet 9-4
C1: របាយការណ៏ដូរម្ជុលដេរ​ប្រចាំថ្ងៃ Daily Needles Change Report 每日针头更换报告 | G1: 46121 | J1: ខ្សែដេរម្ជុលដែលបានផ្តល់ជូន, Issued Needle Sewing Line, 缝纫线
A2: លរ No. 数字 | B2: ប្រភេទម្ជុល Needle Type 针型 | C2: ទំហំ​ SIZE 尺寸 | D2: ចំនួននៅសល់ Stock Left 剩余库存 | E2: ម្ជុលដែលបានផ្តល់ជូន, Issued Needle, 已发放的针头 | F2: តុល្យភាព Balance 平衡 | G2: សំគាល់ Remark 评论 | J2: Line# 1 | K2: Line# 2 | L2: Line# 3 | M2: Line# 4 | N2: Line# 5 | O2: Line# 6 | P2: Line# 7 | Q2: Line# 8 | R2: Line# 9 | S2: Line# 10 | T2: Line# 11 | U2: Line# 12
A3: 1 | B3: DBX1 | C3: 100/16 | D3: 300 | E3: 10 | F3: =D3-E3 -> 290 | G3: ប្តូរម៉ូដ Change Style, 更改样式 | J3: 3 | K3: 1 | N3: 1 | O3: 2 | P3: 1 | R3: 1 | T3: 1 | X3: ខូច​ Damage 损害
A4: 2 | B4: DBX1 | C4: 90/14 | D4: 970 | E4: 10 | F4: =D4-E4 -> 960 | G4: បាក់​ Broken 破碎的 | J4: 3 | K4: 3 | N4: 1 | P4: 1 | Q4: 1 | T4: 1 | X4: បាក់​ Broken 破碎的
A5: 3 | B5: DBX1 | C5: 80/12 | D5: 300 | E5: 10 | F5: =D5-E5 -> 290 | G5: បាក់​ Broken 破碎的 | J5: 1 | K5: 1 | L5: 1 | M5: 1 | N5: 1 | O5: 1 | P5: 1 | Q5: 1 | R5: 1 | S5: 1 | X5: ប្តូរម៉ូដ Change Style, 更改样式
A6: 4 | B6: DBX1 | C6: 65/9 | D6: 60 | E6: =SUM(J6:U6) -> 0 | F6: =D6-E6 -> 60 | X6: បាត់​ Lost 迷失
A7: 5 | B7: DBX1 | C7: 110/18 | D7: 0 | E7: =SUM(J7:U7) -> 0 | F7: =D7-E7 -> 0 | X7: ផ្សេងៗ​ Other 其他
A8: 6 | B8: DCX27 | C8: 100/16 | D8: 940 | E8: =SUM(J8:U8) -> 0 | F8: =D8-E8 -> 940
A9: 7 | B9: DCX27 | C9: 90/14 | D9: 950 | E9: 20 | F9: =D9-E9 -> 930 | G9: ប្តូរម៉ូដ Change Style, 更改样式 | J9: 16 | K9: 1 | P9: 1 | Q9: 2
A10: 8 | B10: DCX27 | C10: 80/12 | D10: 260 | E10: =SUM(J10:U10) -> 0 | F10: =D10-E10 -> 260
A11: 9 | B11: DPX5 | C11: 90/14 | D11: 350 | E11: =SUM(J11:U11) -> 0 | F11: =D11-E11 -> 350
A12: 10 | B12: DPX5 | C12: 120/19 | D12: 0 | E12: =SUM(J12:U12) -> 0 | F12: =D12-E12 -> 0
A13: 11 | B13: DPX5 | C13: 100/16 | D13: 150 | E13: 10 | F13: =D13-E13 -> 140 | G13: ប្តូរម៉ូដ Change Style, 更改样式 | K13: 9 | M13: 1
A14: 12 | B14: DPX17 | C14: 100/16 | D14: 0 | E14: =SUM(J14:U14) -> 0 | F14: =D14-E14 -> 0
A15: 13 | B15: UOX113 | C15: 100/16 | D15: 620 | E15: =SUM(J15:U15) -> 0 | F15: =D15-E15 -> 620
A16: 14 | B16: DBX1 | C16: 75/11 | D16: 40 | E16: =SUM(J16:U16) -> 0 | F16: =D16-E16 -> 40
A17: 15 | B17: UOX113 | C17: 90/14 | D17: 290 | E17: =SUM(J17:U17) -> 0 | F17: =D17-E17 -> 290
A18: 16 | B18: UYx128 | C18: 100/16 | D18: 500 | E18: =SUM(J18:U18) -> 0 | F18: =D18-E18 -> 500
A19: 17 | B19: UYx128 | C19: 90/14 | D19: 240 | E19: =SUM(J19:U19) -> 0 | F19: =D19-E19 -> 240
D20: =AP20+E20-C20 -> 0
D21: =AP21+E21-C21 -> 0
E22: =SUBTOTAL(9,E3:E21) -> 60 | F22: =SUBTOTAL(9,F3:F21) -> 5910

Sheet 9-5
C1: របាយការណ៏ដូរម្ជុលដេរ​ប្រចាំថ្ងៃ Daily Needles Change Report 每日针头更换报告 | G1: 46151 | J1: ខ្សែដេរម្ជុលដែលបានផ្តល់ជូន, Issued Needle Sewing Line, 缝纫线
A2: លរ No. 数字 | B2: ប្រភេទម្ជុល Needle Type 针型 | C2: ទំហំ​ SIZE 尺寸 | D2: ចំនួននៅសល់ Stock Left 剩余库存 | E2: ម្ជុលដែលបានផ្តល់ជូន, Issued Needle, 已发放的针头 | F2: តុល្យភាព Balance 平衡 | G2: សំគាល់ Remark 评论 | J2: Line# 1 | K2: Line# 2 | L2: Line# 3 | M2: Line# 4 | N2: Line# 5 | O2: Line# 6 | P2: Line# 7 | Q2: Line# 8 | R2: Line# 9 | S2: Line# 10 | T2: Line# 11 | U2: Line# 12
A3: 1 | B3: DBX1 | C3: 100/16 | D3: 290 | E3: 20 | F3: =D3-E3 -> 270 | G3: ប្តូរម៉ូដ Change Style, 更改样式 | J3: 3 | L3: 4 | P3: 1 | Q3: 10 | S3: 1 | T3: 1 | X3: ខូច​ Damage 损害
A4: 2 | B4: DBX1 | C4: 90/14 | D4: 960 | E4: =SUM(J4:U4) -> 0 | F4: =D4-E4 -> 960 | X4: បាក់​ Broken 破碎的
A5: 3 | B5: DBX1 | C5: 80/12 | D5: 290 | E5: =SUM(J5:U5) -> 0 | F5: =D5-E5 -> 290 | X5: ប្តូរម៉ូដ Change Style, 更改样式
A6: 4 | B6: DBX1 | C6: 65/9 | D6: 60 | E6: =SUM(J6:U6) -> 0 | F6: =D6-E6 -> 60 | X6: បាត់​ Lost 迷失
A7: 5 | B7: DBX1 | C7: 110/18 | D7: 0 | E7: =SUM(J7:U7) -> 0 | F7: =D7-E7 -> 0 | X7: ផ្សេងៗ​ Other 其他
A8: 6 | B8: DCX27 | C8: 100/16 | D8: 940 | E8: 10 | F8: =D8-E8 -> 930 | G8: ខូច​ Damage 损害 | K8: 2 | P8: 2 | Q8: 2 | R8: 2 | S8: 2
A9: 7 | B9: DCX27 | C9: 90/14 | D9: 930 | E9: =SUM(J9:U9) -> 0 | F9: =D9-E9 -> 930
A10: 8 | B10: DCX27 | C10: 80/12 | D10: 260 | E10: =SUM(J10:U10) -> 0 | F10: =D10-E10 -> 260
A11: 9 | B11: DPX5 | C11: 90/14 | D11: 350 | E11: =SUM(J11:U11) -> 0 | F11: =D11-E11 -> 350
A12: 10 | B12: DPX5 | C12: 120/19 | D12: 0 | E12: =SUM(J12:U12) -> 0 | F12: =D12-E12 -> 0
A13: 11 | B13: DPX5 | C13: 100/16 | D13: 140 | E13: 10 | F13: =D13-E13 -> 130 | G13: ប្តូរម៉ូដ Change Style, 更改样式 | J13: 6 | K13: 1 | L13: 2 | O13: 1
A14: 12 | B14: DPX17 | C14: 100/16 | D14: 0 | E14: =SUM(J14:U14) -> 0 | F14: =D14-E14 -> 0
A15: 13 | B15: UOX113 | C15: 100/16 | D15: 620 | E15: =SUM(J15:U15) -> 0 | F15: =D15-E15 -> 620
A16: 14 | B16: DBX1 | C16: 75/11 | D16: 40 | E16: =SUM(J16:U16) -> 0 | F16: =D16-E16 -> 40
A17: 15 | B17: UOX113 | C17: 90/14 | D17: 290 | E17: =SUM(J17:U17) -> 0 | F17: =D17-E17 -> 290
A18: 16 | B18: UYx128 | C18: 100/16 | D18: 500 | E18: =SUM(J18:U18) -> 0 | F18: =D18-E18 -> 500
A19: 17 | B19: UYx128 | C19: 90/14 | D19: 240 | E19: =SUM(J19:U19) -> 0 | F19: =D19-E19 -> 240
D20: =AP20+E20-C20 -> 0
D21: =AP21+E21-C21 -> 0
E22: =SUBTOTAL(9,E3:E21) -> 40 | F22: =SUBTOTAL(9,F3:F21) -> 5870

Sheet 9-7
C1: របាយការណ៏ដូរម្ជុលដេរ​ប្រចាំថ្ងៃ Daily Needles Change Report 每日针头更换报告 | G1: 46212 | J1: ខ្សែដេរម្ជុលដែលបានផ្តល់ជូន, Issued Needle Sewing Line, 缝纫线
A2: លរ No. 数字 | B2: ប្រភេទម្ជុល Needle Type 针型 | C2: ទំហំ​ SIZE 尺寸 | D2: ចំនួននៅសល់ Stock Left 剩余库存 | E2: ម្ជុលដែលបានផ្តល់ជូន, Issued Needle, 已发放的针头 | F2: តុល្យភាព Balance 平衡 | G2: សំគាល់ Remark 评论 | J2: Line# 1 | K2: Line# 2 | L2: Line# 3 | M2: Line# 4 | N2: Line# 5 | O2: Line# 6 | P2: Line# 7 | Q2: Line# 8 | R2: Line# 9 | S2: Line# 10 | T2: Line# 11 | U2: Line# 12
A3: 1 | B3: DBX1 | C3: 100/16 | D3: 270 | E3: 10 | F3: =D3-E3 -> 260 | G3: ខូច​ Damage 损害 | J3: 1 | L3: 4 | O3: 1 | P3: 1 | Q3: 2 | R3: 1 | X3: ខូច​ Damage 损害
A4: 2 | B4: DBX1 | C4: 90/14 | D4: 960 | E4: =SUM(J4:U4) -> 0 | F4: =D4-E4 -> 960 | X4: បាក់​ Broken 破碎的
A5: 3 | B5: DBX1 | C5: 80/12 | D5: 290 | E5: =SUM(J5:U5) -> 0 | F5: =D5-E5 -> 290 | X5: ប្តូរម៉ូដ Change Style, 更改样式
A6: 4 | B6: DBX1 | C6: 65/9 | D6: 60 | E6: =SUM(J6:U6) -> 0 | F6: =D6-E6 -> 60 | X6: បាត់​ Lost 迷失
A7: 5 | B7: DBX1 | C7: 110/18 | D7: 0 | E7: =SUM(J7:U7) -> 0 | F7: =D7-E7 -> 0 | X7: ផ្សេងៗ​ Other 其他
A8: 6 | B8: DCX27 | C8: 100/16 | D8: 930 | E8: =SUM(J8:U8) -> 0 | F8: =D8-E8 -> 930
A9: 7 | B9: DCX27 | C9: 90/14 | D9: 930 | E9: 10 | F9: =D9-E9 -> 920 | G9: ប្តូរម៉ូដ Change Style, 更改样式 | J9: 7 | Q9: 3
A10: 8 | B10: DCX27 | C10: 80/12 | D10: 260 | E10: =SUM(J10:U10) -> 0 | F10: =D10-E10 -> 260
A11: 9 | B11: DPX5 | C11: 90/14 | D11: 350 | E11: =SUM(J11:U11) -> 0 | F11: =D11-E11 -> 350
A12: 10 | B12: DPX5 | C12: 120/19 | D12: 0 | E12: =SUM(J12:U12) -> 0 | F12: =D12-E12 -> 0
A13: 11 | B13: DPX5 | C13: 100/16 | D13: 130 | E13: 10 | F13: =D13-E13 -> 120 | G13: ប្តូរម៉ូដ Change Style, 更改样式 | J13: 3 | L13: 2 | M13: 1 | P13: 1 | Q13: 2 | S13: 1
A14: 12 | B14: DPX17 | C14: 100/16 | D14: 0 | E14: =SUM(J14:U14) -> 0 | F14: =D14-E14 -> 0
A15: 13 | B15: UOX113 | C15: 100/16 | D15: 620 | E15: =SUM(J15:U15) -> 0 | F15: =D15-E15 -> 620
A16: 14 | B16: DBX1 | C16: 75/11 | D16: 40 | E16: =SUM(J16:U16) -> 0 | F16: =D16-E16 -> 40
A17: 15 | B17: UOX113 | C17: 90/14 | D17: 290 | E17: =SUM(J17:U17) -> 0 | F17: =D17-E17 -> 290
A18: 16 | B18: UYx128 | C18: 100/16 | D18: 500 | E18: =SUM(J18:U18) -> 0 | F18: =D18-E18 -> 500
A19: 17 | B19: UYx128 | C19: 90/14 | D19: 240 | E19: =SUM(J19:U19) -> 0 | F19: =D19-E19 -> 240
D20: =AP20+E20-C20 -> 0
D21: =AP21+E21-C21 -> 0
E22: =SUBTOTAL(9,E3:E21) -> 30 | F22: =SUBTOTAL(9,F3:F21) -> 5840

Sheet 9-8
C1: របាយការណ៏ដូរម្ជុលដេរ​ប្រចាំថ្ងៃ Daily Needles Change Report 每日针头更换报告 | G1: 46243 | J1: ខ្សែដេរម្ជុលដែលបានផ្តល់ជូន, Issued Needle Sewing Line, 缝纫线
A2: លរ No. 数字 | B2: ប្រភេទម្ជុល Needle Type 针型 | C2: ទំហំ​ SIZE 尺寸 | D2: ចំនួននៅសល់ Stock Left 剩余库存 | E2: ម្ជុលដែលបានផ្តល់ជូន, Issued Needle, 已发放的针头 | F2: តុល្យភាព Balance 平衡 | G2: សំគាល់ Remark 评论 | J2: Line# 1 | K2: Line# 2 | L2: Line# 3 | M2: Line# 4 | N2: Line# 5 | O2: Line# 6 | P2: Line# 7 | Q2: Line# 8 | R2: Line# 9 | S2: Line# 10 | T2: Line# 11 | U2: Line# 12
A3: 1 | B3: DBX1 | C3: 100/16 | D3: 260 | E3: 20 | F3: =D3-E3 -> 240 | G3: ប្តូរម៉ូដ Change Style, 更改样式 | J3: 4 | K3: 1 | L3: 1 | O3: 3 | P3: 3 | Q3: 1 | R3: 3 | S3: 1 | T3: 3 | X3: ខូច​ Damage 损害
A4: 2 | B4: DBX1 | C4: 90/14 | D4: 960 | E4: 20 | F4: =D4-E4 -> 940 | G4: បាក់​ Broken 破碎的 | J4: 3 | K4: 5 | L4: 2 | M4: 3 | P4: 3 | R4: 3 | T4: 1 | X4: បាក់​ Broken 破碎的
A5: 3 | B5: DBX1 | C5: 80/12 | D5: 290 | E5: =SUM(J5:U5) -> 0 | F5: =D5-E5 -> 290 | G5: ខូច​ Damage 损害 | X5: ប្តូរម៉ូដ Change Style, 更改样式
A6: 4 | B6: DBX1 | C6: 65/9 | D6: 60 | E6: =SUM(J6:U6) -> 0 | F6: =D6-E6 -> 60 | X6: បាត់​ Lost 迷失
A7: 5 | B7: DBX1 | C7: 110/18 | D7: 0 | E7: =SUM(J7:U7) -> 0 | F7: =D7-E7 -> 0 | X7: ផ្សេងៗ​ Other 其他
A8: 6 | B8: DCX27 | C8: 100/16 | D8: 930 | E8: 10 | F8: =D8-E8 -> 920 | G8: ប្តូរម៉ូដ Change Style, 更改样式 | J8: 3 | N8: 2 | O8: 2 | P8: 2 | S8: 1
A9: 7 | B9: DCX27 | C9: 90/14 | D9: 920 | E9: =SUM(J9:U9) -> 0 | F9: =D9-E9 -> 920
A10: 8 | B10: DCX27 | C10: 80/12 | D10: 260 | E10: =SUM(J10:U10) -> 0 | F10: =D10-E10 -> 260
A11: 9 | B11: DPX5 | C11: 90/14 | D11: 350 | E11: =SUM(J11:U11) -> 0 | F11: =D11-E11 -> 350
A12: 10 | B12: DPX5 | C12: 120/19 | D12: 0 | E12: =SUM(J12:U12) -> 0 | F12: =D12-E12 -> 0
A13: 11 | B13: DPX5 | C13: 100/16 | D13: 120 | E13: 20 | F13: =D13-E13 -> 100 | G13: ខូច​ Damage 损害 | J13: 10 | L13: 2 | P13: 4 | Q13: 2 | S13: 2
A14: 12 | B14: DPX17 | C14: 100/16 | D14: 0 | E14: =SUM(J14:U14) -> 0 | F14: =D14-E14 -> 0
A15: 13 | B15: UOX113 | C15: 100/16 | D15: 620 | E15: =SUM(J15:U15) -> 0 | F15: =D15-E15 -> 620
A16: 14 | B16: DBX1 | C16: 75/11 | D16: 40 | E16: =SUM(J16:U16) -> 0 | F16: =D16-E16 -> 40
A17: 15 | B17: UOX113 | C17: 90/14 | D17: 290 | E17: =SUM(J17:U17) -> 0 | F17: =D17-E17 -> 290
A18: 16 | B18: UYx128 | C18: 100/16 | D18: 500 | E18: =SUM(J18:U18) -> 0 | F18: =D18-E18 -> 500
A19: 17 | B19: UYx128 | C19: 90/14 | D19: 240 | E19: =SUM(J19:U19) -> 0 | F19: =D19-E19 -> 240
D20: =AP20+E20-C20 -> 0
D21: =AP21+E21-C21 -> 0
E22: =SUBTOTAL(9,E3:E21) -> 70 | F22: =SUBTOTAL(9,F3:F21) -> 5770

Sheet 9-9
C1: របាយការណ៏ដូរម្ជុលដេរ​ប្រចាំថ្ងៃ Daily Needles Change Report 每日针头更换报告 | G1: 46274 | J1: ខ្សែដេរម្ជុលដែលបានផ្តល់ជូន, Issued Needle Sewing Line, 缝纫线
A2: លរ No. 数字 | B2: ប្រភេទម្ជុល Needle Type 针型 | C2: ទំហំ​ SIZE 尺寸 | D2: ចំនួននៅសល់ Stock Left 剩余库存 | E2: ម្ជុលដែលបានផ្តល់ជូន, Issued Needle, 已发放的针头 | F2: តុល្យភាព Balance 平衡 | G2: សំគាល់ Remark 评论 | J2: Line# 1 | K2: Line# 2 | L2: Line# 3 | M2: Line# 4 | N2: Line# 5 | O2: Line# 6 | P2: Line# 7 | Q2: Line# 8 | R2: Line# 9 | S2: Line# 10 | T2: Line# 11 | U2: Line# 12
A3: 1 | B3: DBX1 | C3: 100/16 | D3: 240 | E3: 10 | F3: =D3-E3 -> 230 | G3: ខូច​ Damage 损害 | L3: 1 | M3: 3 | O3: 1 | P3: 2 | Q3: 1 | R3: 1 | S3: 1 | X3: ខូច​ Damage 损害
A4: 2 | B4: DBX1 | C4: 90/14 | D4: 940 | E4: 10 | F4: =D4-E4 -> 930 | G4: បាក់​ Broken 破碎的 | O4: 2 | P4: 6 | Q4: 2 | X4: បាក់​ Broken 破碎的
A5: 3 | B5: DBX1 | C5: 80/12 | D5: 290 | E5: =SUM(J5:U5) -> 0 | F5: =D5-E5 -> 290 | X5: ប្តូរម៉ូដ Change Style, 更改样式
A6: 4 | B6: DBX1 | C6: 65/9 | D6: 60 | E6: =SUM(J6:U6) -> 0 | F6: =D6-E6 -> 60 | X6: បាត់​ Lost 迷失
A7: 5 | B7: DBX1 | C7: 110/18 | D7: 0 | E7: =SUM(J7:U7) -> 0 | F7: =D7-E7 -> 0 | X7: ផ្សេងៗ​ Other 其他
A8: 6 | B8: DCX27 | C8: 100/16 | D8: 920 | E8: 10 | F8: =D8-E8 -> 910 | G8: ខូច​ Damage 损害 | K8: 3 | O8: 4 | R8: 3
A9: 7 | B9: DCX27 | C9: 90/14 | D9: 920 | E9: 10 | F9: =D9-E9 -> 910 | G9: ខូច​ Damage 损害 | J9: 2 | L9: 2 | M9: 1 | N9: 2 | P9: 3
A10: 8 | B10: DCX27 | C10: 80/12 | D10: 260 | E10: =SUM(J10:U10) -> 0 | F10: =D10-E10 -> 260
A11: 9 | B11: DPX5 | C11: 90/14 | D11: 350 | E11: =SUM(J11:U11) -> 0 | F11: =D11-E11 -> 350
A12: 10 | B12: DPX5 | C12: 120/19 | D12: 0 | E12: =SUM(J12:U12) -> 0 | F12: =D12-E12 -> 0
A13: 11 | B13: DPX5 | C13: 100/16 | D13: 100 | E13: =SUM(J13:U13) -> 0 | F13: =D13-E13 -> 100
A14: 12 | B14: DPX17 | C14: 100/16 | D14: 0 | E14: =SUM(J14:U14) -> 0 | F14: =D14-E14 -> 0
A15: 13 | B15: UOX113 | C15: 100/16 | D15: 620 | E15: =SUM(J15:U15) -> 0 | F15: =D15-E15 -> 620
A16: 14 | B16: DBX1 | C16: 75/11 | D16: 40 | E16: =SUM(J16:U16) -> 0 | F16: =D16-E16 -> 40
A17: 15 | B17: UOX113 | C17: 90/14 | D17: 290 | E17: =SUM(J17:U17) -> 0 | F17: =D17-E17 -> 290
A18: 16 | B18: UYx128 | C18: 100/16 | D18: 500 | E18: =SUM(J18:U18) -> 0 | F18: =D18-E18 -> 500
A19: 17 | B19: UYx128 | C19: 90/14 | D19: 240 | E19: =SUM(J19:U19) -> 0 | F19: =D19-E19 -> 240
D20: =AP20+E20-C20 -> 0
D21: =AP21+E21-C21 -> 0
E22: =SUBTOTAL(9,E3:E21) -> 40 | F22: =SUBTOTAL(9,F3:F21) -> 5730

Sheet 9-10
C1: របាយការណ៏ដូរម្ជុលដេរ​ប្រចាំថ្ងៃ Daily Needles Change Report 每日针头更换报告 | G1: 46304 | J1: ខ្សែដេរម្ជុលដែលបានផ្តល់ជូន, Issued Needle Sewing Line, 缝纫线
A2: លរ No. 数字 | B2: ប្រភេទម្ជុល Needle Type 针型 | C2: ទំហំ​ SIZE 尺寸 | D2: ចំនួននៅសល់ Stock Left 剩余库存 | E2: ម្ជុលដែលបានផ្តល់ជូន, Issued Needle, 已发放的针头 | F2: តុល្យភាព Balance 平衡 | G2: សំគាល់ Remark 评论 | J2: Line# 1 | K2: Line# 2 | L2: Line# 3 | M2: Line# 4 | N2: Line# 5 | O2: Line# 6 | P2: Line# 7 | Q2: Line# 8 | R2: Line# 9 | S2: Line# 10 | T2: Line# 11 | U2: Line# 12
A3: 1 | B3: DBX1 | C3: 100/16 | D3: 230 | E3: 20 | F3: =D3-E3 -> 210 | G3: បាក់​ Broken 破碎的 | K3: 3 | L3: 2 | M3: 8 | O3: 2 | P3: 1 | R3: 2 | U3: 1 | X3: ខូច​ Damage 损害
A4: 2 | B4: DBX1 | C4: 90/14 | D4: 930 | E4: 20 | F4: =D4-E4 -> 910 | G4: ខូច​ Damage 损害 | J4: 1 | K4: 2 | O4: 1 | P4: 4 | Q4: 1 | R4: 5 | S4: 3 | T4: 3 | X4: បាក់​ Broken 破碎的
A5: 3 | B5: DBX1 | C5: 80/12 | D5: 290 | E5: =SUM(J5:U5) -> 0 | F5: =D5-E5 -> 290 | X5: ប្តូរម៉ូដ Change Style, 更改样式
A6: 4 | B6: DBX1 | C6: 65/9 | D6: 60 | E6: =SUM(J6:U6) -> 0 | F6: =D6-E6 -> 60 | X6: បាត់​ Lost 迷失
A7: 5 | B7: DBX1 | C7: 110/18 | D7: 0 | E7: =SUM(J7:U7) -> 0 | F7: =D7-E7 -> 0 | X7: ផ្សេងៗ​ Other 其他
A8: 6 | B8: DCX27 | C8: 100/16 | D8: 910 | E8: 10 | F8: =D8-E8 -> 900 | G8: ខូច​ Damage 损害 | K8: 2 | O8: 2 | P8: 2 | Q8: 3 | S8: 1
A9: 7 | B9: DCX27 | C9: 90/14 | D9: 910 | E9: 10 | F9: =D9-E9 -> 900 | G9: ខូច​ Damage 损害 | J9: 1 | K9: 2 | L9: 2 | M9: 4
A10: 8 | B10: DCX27 | C10: 80/12 | D10: 260 | E10: =SUM(J10:U10) -> 0 | F10: =D10-E10 -> 260
A11: 9 | B11: DPX5 | C11: 90/14 | D11: 350 | E11: 10 | F11: =D11-E11 -> 340 | G11: ខូច​ Damage 损害 | J11: 3 | L11: 1 | N11: 1 | O11: 1 | Q11: 3
A12: 10 | B12: DPX5 | C12: 120/19 | D12: 0 | E12: =SUM(J12:U12) -> 0 | F12: =D12-E12 -> 0
A13: 11 | B13: DPX5 | C13: 100/16 | D13: 100 | E13: 10 | F13: =D13-E13 -> 90 | G13: ខូច​ Damage 损害 | J13: 2 | L13: 6 | O13: 1 | P13: 1
A14: 12 | B14: DPX17 | C14: 100/16 | D14: 0 | E14: =SUM(J14:U14) -> 0 | F14: =D14-E14 -> 0
A15: 13 | B15: UOX113 | C15: 100/16 | D15: 620 | E15: 10 | F15: =D15-E15 -> 610 | O15: 3 | P15: 4 | S15: 3
A16: 14 | B16: DBX1 | C16: 75/11 | D16: 40 | E16: =SUM(J16:U16) -> 0 | F16: =D16-E16 -> 40
A17: 15 | B17: UOX113 | C17: 90/14 | D17: 290 | E17: =SUM(J17:U17) -> 0 | F17: =D17-E17 -> 290
A18: 16 | B18: UYx128 | C18: 100/16 | D18: 500 | E18: =SUM(J18:U18) -> 0 | F18: =D18-E18 -> 500
A19: 17 | B19: UYx128 | C19: 90/14 | D19: 240 | E19: =SUM(J19:U19) -> 0 | F19: =D19-E19 -> 240
D20: =AP20+E20-C20 -> 0
D21: =AP21+E21-C21 -> 0
E22: =SUBTOTAL(9,E3:E21) -> 90 | F22: =SUBTOTAL(9,F3:F21) -> 5640

Sheet 9-11
C1: របាយការណ៏ដូរម្ជុលដេរ​ប្រចាំថ្ងៃ Daily Needles Change Report 每日针头更换报告 | G1: 46335 | J1: ខ្សែដេរម្ជុលដែលបានផ្តល់ជូន, Issued Needle Sewing Line, 缝纫线
A2: លរ No. 数字 | B2: ប្រភេទម្ជុល Needle Type 针型 | C2: ទំហំ​ SIZE 尺寸 | D2: ចំនួននៅសល់ Stock Left 剩余库存 | E2: ម្ជុលដែលបានផ្តល់ជូន, Issued Needle, 已发放的针头 | F2: តុល្យភាព Balance 平衡 | G2: សំគាល់ Remark 评论 | J2: Line# 1 | K2: Line# 2 | L2: Line# 3 | M2: Line# 4 | N2: Line# 5 | O2: Line# 6 | P2: Line# 7 | Q2: Line# 8 | R2: Line# 9 | S2: Line# 10 | T2: Line# 11 | U2: Line# 12
A3: 1 | B3: DBX1 | C3: 100/16 | D3: 210 | E3: 20 | F3: =D3-E3 -> 190 | G3: បាក់​ Broken 破碎的 | K3: 5 | L3: 1 | M3: 2 | N3: 2 | O3: 2 | R3: 4 | S3: 4 | X3: ខូច​ Damage 损害
A4: 2 | B4: DBX1 | C4: 90/14 | D4: 910 | E4: 10 | F4: =D4-E4 -> 900 | G4: ខូច​ Damage 损害 | L4: 2 | N4: 4 | P4: 1 | Q4: 3 | X4: បាក់​ Broken 破碎的
A5: 3 | B5: DBX1 | C5: 80/12 | D5: 290 | E5: =SUM(J5:U5) -> 0 | F5: =D5-E5 -> 290 | X5: ប្តូរម៉ូដ Change Style, 更改样式
A6: 4 | B6: DBX1 | C6: 65/9 | D6: 60 | E6: =SUM(J6:U6) -> 0 | F6: =D6-E6 -> 60 | X6: បាត់​ Lost 迷失
A7: 5 | B7: DBX1 | C7: 110/18 | D7: 0 | E7: =SUM(J7:U7) -> 0 | F7: =D7-E7 -> 0 | X7: ផ្សេងៗ​ Other 其他
A8: 6 | B8: DCX27 | C8: 100/16 | D8: 900 | E8: 10 | F8: =D8-E8 -> 890 | G8: ខូច​ Damage 损害 | L8: 1 | N8: 2 | O8: 1 | R8: 2 | S8: 2 | T8: 2
A9: 7 | B9: DCX27 | C9: 90/14 | D9: 900 | E9: =SUM(J9:U9) -> 0 | F9: =D9-E9 -> 900
A10: 8 | B10: DCX27 | C10: 80/12 | D10: 260 | E10: =SUM(J10:U10) -> 0 | F10: =D10-E10 -> 260
A11: 9 | B11: DPX5 | C11: 90/14 | D11: 340 | E11: =SUM(J11:U11) -> 0 | F11: =D11-E11 -> 340
A12: 10 | B12: DPX5 | C12: 120/19 | D12: 0 | E12: =SUM(J12:U12) -> 0 | F12: =D12-E12 -> 0
A13: 11 | B13: DPX5 | C13: 100/16 | D13: 90 | E13: 10 | F13: =D13-E13 -> 80 | G13: ខូច​ Damage 损害 | J13: 8 | K13: 1 | O13: 1
A14: 12 | B14: DPX17 | C14: 100/16 | D14: 0 | E14: =SUM(J14:U14) -> 0 | F14: =D14-E14 -> 0
A15: 13 | B15: UOX113 | C15: 100/16 | D15: 610 | E15: =SUM(J15:U15) -> 0 | F15: =D15-E15 -> 610
A16: 14 | B16: DBX1 | C16: 75/11 | D16: 40 | E16: =SUM(J16:U16) -> 0 | F16: =D16-E16 -> 40
A17: 15 | B17: UOX113 | C17: 90/14 | D17: 290 | E17: =SUM(J17:U17) -> 0 | F17: =D17-E17 -> 290
A18: 16 | B18: UYx128 | C18: 100/16 | D18: 500 | E18: =SUM(J18:U18) -> 0 | F18: =D18-E18 -> 500
A19: 17 | B19: UYx128 | C19: 90/14 | D19: 240 | E19: =SUM(J19:U19) -> 0 | F19: =D19-E19 -> 240
D20: =AP20+E20-C20 -> 0
D21: =AP21+E21-C21 -> 0
E22: =SUBTOTAL(9,E3:E21) -> 50 | F22: =SUBTOTAL(9,F3:F21) -> 5590

Sheet 9-12
C1: របាយការណ៏ដូរម្ជុលដេរ​ប្រចាំថ្ងៃ Daily Needles Change Report 每日针头更换报告 | G1: 12.9/26 | J1: ខ្សែដេរម្ជុលដែលបានផ្តល់ជូន, Issued Needle Sewing Line, 缝纫线
A2: លរ No. 数字 | B2: ប្រភេទម្ជុល Needle Type 针型 | C2: ទំហំ​ SIZE 尺寸 | D2: ចំនួននៅសល់ Stock Left 剩余库存 | E2: ម្ជុលដែលបានផ្តល់ជូន, Issued Needle, 已发放的针头 | F2: តុល្យភាព Balance 平衡 | G2: សំគាល់ Remark 评论 | J2: Line# 1 | K2: Line# 2 | L2: Line# 3 | M2: Line# 4 | N2: Line# 5 | O2: Line# 6 | P2: Line# 7 | Q2: Line# 8 | R2: Line# 9 | S2: Line# 10 | T2: Line# 11 | U2: Line# 12
A3: 1 | B3: DBX1 | C3: 100/16 | D3: 190 | E3: 10 | F3: =D3-E3 -> 180 | G3: ខូច​ Damage 损害 | J3: 2 | L3: 2 | N3: 1 | P3: 3 | Q3: 2 | X3: ខូច​ Damage 损害
A4: 2 | B4: DBX1 | C4: 90/14 | D4: 900 | E4: 20 | F4: =D4-E4 -> 880 | G4: ខូច​ Damage 损害 | J4: 2 | K4: 5 | L4: 1 | N4: 2 | P4: 2 | R4: 1 | T4: 5 | X4: បាក់​ Broken 破碎的
A5: 3 | B5: DBX1 | C5: 80/12 | D5: 290 | E5: =SUM(J5:U5) -> 0 | F5: =D5-E5 -> 290 | X5: ប្តូរម៉ូដ Change Style, 更改样式
A6: 4 | B6: DBX1 | C6: 65/9 | D6: 60 | E6: =SUM(J6:U6) -> 0 | F6: =D6-E6 -> 60 | X6: បាត់​ Lost 迷失
A7: 5 | B7: DBX1 | C7: 110/18 | D7: 0 | E7: =SUM(J7:U7) -> 0 | F7: =D7-E7 -> 0 | X7: ផ្សេងៗ​ Other 其他
A8: 6 | B8: DCX27 | C8: 100/16 | D8: 890 | E8: =SUM(J8:U8) -> 0 | F8: =D8-E8 -> 890
A9: 7 | B9: DCX27 | C9: 90/14 | D9: 900 | E9: =SUM(J9:U9) -> 0 | F9: =D9-E9 -> 900
A10: 8 | B10: DCX27 | C10: 80/12 | D10: 260 | E10: =SUM(J10:U10) -> 0 | F10: =D10-E10 -> 260
A11: 9 | B11: DPX5 | C11: 90/14 | D11: 340 | E11: =SUM(J11:U11) -> 0 | F11: =D11-E11 -> 340
A12: 10 | B12: DPX5 | C12: 120/19 | D12: 0 | E12: =SUM(J12:U12) -> 0 | F12: =D12-E12 -> 0
A13: 11 | B13: DPX5 | C13: 100/16 | D13: 80 | E13: 10 | F13: =D13-E13 -> 70 | G13: ខូច​ Damage 损害 | J13: 4 | K13: 1 | L13: 3 | P13: 2 | S13: 1
A14: 12 | B14: DPX17 | C14: 100/16 | D14: 0 | E14: =SUM(J14:U14) -> 0 | F14: =D14-E14 -> 0
A15: 13 | B15: UOX113 | C15: 100/16 | D15: 610 | E15: =SUM(J15:U15) -> 0 | F15: =D15-E15 -> 610
A16: 14 | B16: DBX1 | C16: 75/11 | D16: 40 | E16: =SUM(J16:U16) -> 0 | F16: =D16-E16 -> 40
A17: 15 | B17: UOX113 | C17: 90/14 | D17: 290 | E17: =SUM(J17:U17) -> 0 | F17: =D17-E17 -> 290
A18: 16 | B18: UYx128 | C18: 100/16 | D18: 500 | E18: =SUM(J18:U18) -> 0 | F18: =D18-E18 -> 500
A19: 17 | B19: UYx128 | C19: 90/14 | D19: 240 | E19: =SUM(J19:U19) -> 0 | F19: =D19-E19 -> 240
D20: =AP20+E20-C20 -> 0
D21: =AP21+E21-C21 -> 0
E22: =SUBTOTAL(9,E3:E21) -> 40 | F22: =SUBTOTAL(9,F3:F21) -> 5550

Sheet 9-14 
C1: របាយការណ៏ដូរម្ជុលដេរ​ប្រចាំថ្ងៃ Daily Needles Change Report 每日针头更换报告 | G1: 14.9/26 | J1: ខ្សែដេរម្ជុលដែលបានផ្តល់ជូន, Issued Needle Sewing Line, 缝纫线
A2: លរ No. 数字 | B2: ប្រភេទម្ជុល Needle Type 针型 | C2: ទំហំ​ SIZE 尺寸 | D2: ចំនួននៅសល់ Stock Left 剩余库存 | E2: ម្ជុលដែលបានផ្តល់ជូន, Issued Needle, 已发放的针头 | F2: តុល្យភាព Balance 平衡 | G2: សំគាល់ Remark 评论 | J2: Line# 1 | K2: Line# 2 | L2: Line# 3 | M2: Line# 4 | N2: Line# 5 | O2: Line# 6 | P2: Line# 7 | Q2: Line# 8 | R2: Line# 9 | S2: Line# 10 | T2: Line# 11 | U2: Line# 12
A3: 1 | B3: DBX1 | C3: 100/16 | D3: 180 | E3: 20 | F3: =D3-E3 -> 160 | G3: ខូច​ Damage 损害 | J3: 1 | L3: 1 | N3: 7 | O3: 3 | P3: 2 | Q3: 1 | R3: 2 | S3: 2 | X3: ខូច​ Damage 损害
A4: 2 | B4: DBX1 | C4: 90/14 | D4: 880 | E4: 10 | F4: =D4-E4 -> 870 | G4: ខូច​ Damage 损害 | M4: 3 | N4: 3 | R4: 2 | S4: 2 | X4: បាក់​ Broken 破碎的
A5: 3 | B5: DBX1 | C5: 80/12 | D5: 290 | E5: =SUM(J5:U5) -> 0 | F5: =D5-E5 -> 290 | X5: ប្តូរម៉ូដ Change Style, 更改样式
A6: 4 | B6: DBX1 | C6: 65/9 | D6: 60 | E6: =SUM(J6:U6) -> 0 | F6: =D6-E6 -> 60 | X6: បាត់​ Lost 迷失
A7: 5 | B7: DBX1 | C7: 110/18 | D7: 0 | E7: =SUM(J7:U7) -> 0 | F7: =D7-E7 -> 0 | X7: ផ្សេងៗ​ Other 其他
A8: 6 | B8: DCX27 | C8: 100/16 | D8: 890 | E8: =SUM(J8:U8) -> 0 | F8: =D8-E8 -> 890
A9: 7 | B9: DCX27 | C9: 90/14 | D9: 900 | E9: 10 | F9: =D9-E9 -> 890 | G9: ខូច​ Damage 损害 | J9: 2 | K9: 2 | L9: 3 | M9: 2 | O9: 2
A10: 8 | B10: DCX27 | C10: 80/12 | D10: 260 | E10: =SUM(J10:U10) -> 0 | F10: =D10-E10 -> 260
A11: 9 | B11: DPX5 | C11: 90/14 | D11: 340 | E11: =SUM(J11:U11) -> 0 | F11: =D11-E11 -> 340
A12: 10 | B12: DPX5 | C12: 120/19 | D12: 0 | E12: =SUM(J12:U12) -> 0 | F12: =D12-E12 -> 0
A13: 11 | B13: DPX5 | C13: 100/16 | D13: 70 | E13: 10 | F13: =D13-E13 -> 60 | G13: ខូច​ Damage 损害 | J13: 2 | L13: 2 | O13: 2 | P13: 2 | R13: 1 | S13: 1
A14: 12 | B14: DPX17 | C14: 100/16 | D14: 0 | E14: =SUM(J14:U14) -> 0 | F14: =D14-E14 -> 0
A15: 13 | B15: UOX113 | C15: 100/16 | D15: 610 | E15: =SUM(J15:U15) -> 0 | F15: =D15-E15 -> 610
A16: 14 | B16: DBX1 | C16: 75/11 | D16: 40 | E16: =SUM(J16:U16) -> 0 | F16: =D16-E16 -> 40
A17: 15 | B17: UOX113 | C17: 90/14 | D17: 290 | E17: =SUM(J17:U17) -> 0 | F17: =D17-E17 -> 290
A18: 16 | B18: UYx128 | C18: 100/16 | D18: 500 | E18: =SUM(J18:U18) -> 0 | F18: =D18-E18 -> 500
A19: 17 | B19: UYx128 | C19: 90/14 | D19: 240 | E19: =SUM(J19:U19) -> 0 | F19: =D19-E19 -> 240
D20: =AP20+E20-C20 -> 0
D21: =AP21+E21-C21 -> 0
E22: =SUBTOTAL(9,E3:E21) -> 50 | F22: =SUBTOTAL(9,F3:F21) -> 5500

Sheet 9-15
C1: របាយការណ៏ដូរម្ជុលដេរ​ប្រចាំថ្ងៃ Daily Needles Change Report 每日针头更换报告 | G1: 15.9/26 | J1: ខ្សែដេរម្ជុលដែលបានផ្តល់ជូន, Issued Needle Sewing Line, 缝纫线
A2: លរ No. 数字 | B2: ប្រភេទម្ជុល Needle Type 针型 | C2: ទំហំ​ SIZE 尺寸 | D2: ចំនួននៅសល់ Stock Left 剩余库存 | E2: ម្ជុលដែលបានផ្តល់ជូន, Issued Needle, 已发放的针头 | F2: តុល្យភាព Balance 平衡 | G2: សំគាល់ Remark 评论 | J2: Line# 1 | K2: Line# 2 | L2: Line# 3 | M2: Line# 4 | N2: Line# 5 | O2: Line# 6 | P2: Line# 7 | Q2: Line# 8 | R2: Line# 9 | S2: Line# 10 | T2: Line# 11 | U2: Line# 12
A3: 1 | B3: DBX1 | C3: 100/16 | D3: 160 | E3: 10 | F3: =D3-E3 -> 150 | G3: ខូច​ Damage 损害 | K3: 5 | N3: 3 | O3: 1 | P3: 1 | X3: ខូច​ Damage 损害
A4: 2 | B4: DBX1 | C4: 90/14 | D4: 870 | E4: 10 | F4: =D4-E4 -> 860 | G4: ខូច​ Damage 损害 | J4: 4 | L4: 1 | M4: 1 | P4: 1 | R4: 2 | S4: 1 | X4: បាក់​ Broken 破碎的
A5: 3 | B5: DBX1 | C5: 80/12 | D5: 290 | E5: =SUM(J5:U5) -> 0 | F5: =D5-E5 -> 290 | X5: ប្តូរម៉ូដ Change Style, 更改样式
A6: 4 | B6: DBX1 | C6: 65/9 | D6: 60 | E6: =SUM(J6:U6) -> 0 | F6: =D6-E6 -> 60 | X6: បាត់​ Lost 迷失
A7: 5 | B7: DBX1 | C7: 110/18 | D7: 0 | E7: =SUM(J7:U7) -> 0 | F7: =D7-E7 -> 0 | X7: ផ្សេងៗ​ Other 其他
A8: 6 | B8: DCX27 | C8: 100/16 | D8: 890 | E8: 10 | F8: =D8-E8 -> 880 | G8: បាក់​ Broken 破碎的 | J8: 1 | O8: 5 | Q8: 4
A9: 7 | B9: DCX27 | C9: 90/14 | D9: 890 | E9: =SUM(J9:U9) -> 0 | F9: =D9-E9 -> 890
A10: 8 | B10: DCX27 | C10: 80/12 | D10: 260 | E10: =SUM(J10:U10) -> 0 | F10: =D10-E10 -> 260
A11: 9 | B11: DPX5 | C11: 90/14 | D11: 340 | E11: =SUM(J11:U11) -> 0 | F11: =D11-E11 -> 340
A12: 10 | B12: DPX5 | C12: 120/19 | D12: 0 | E12: =SUM(J12:U12) -> 0 | F12: =D12-E12 -> 0
A13: 11 | B13: DPX5 | C13: 100/16 | D13: 60 | E13: 10 | F13: =D13-E13 -> 50 | G13: ខូច​ Damage 损害 | J13: 4 | K13: 1 | L13: 3 | Q13: 2
A14: 12 | B14: DPX17 | C14: 100/16 | D14: 0 | E14: =SUM(J14:U14) -> 0 | F14: =D14-E14 -> 0
A15: 13 | B15: UOX113 | C15: 100/16 | D15: 610 | E15: =SUM(J15:U15) -> 0 | F15: =D15-E15 -> 610
A16: 14 | B16: DBX1 | C16: 75/11 | D16: 40 | E16: =SUM(J16:U16) -> 0 | F16: =D16-E16 -> 40
A17: 15 | B17: UOX113 | C17: 90/14 | D17: 290 | E17: =SUM(J17:U17) -> 0 | F17: =D17-E17 -> 290
A18: 16 | B18: UYx128 | C18: 100/16 | D18: 500 | E18: =SUM(J18:U18) -> 0 | F18: =D18-E18 -> 500
A19: 17 | B19: UYx128 | C19: 90/14 | D19: 240 | E19: =SUM(J19:U19) -> 0 | F19: =D19-E19 -> 240
D20: =AP20+E20-C20 -> 0
D21: =AP21+E21-C21 -> 0
E22: =SUBTOTAL(9,E3:E21) -> 40 | F22: =SUBTOTAL(9,F3:F21) -> 5460

Sheet 9-16
C1: របាយការណ៏ដូរម្ជុលដេរ​ប្រចាំថ្ងៃ Daily Needles Change Report 每日针头更换报告 | G1: 16.9/26 | J1: ខ្សែដេរម្ជុលដែលបានផ្តល់ជូន, Issued Needle Sewing Line, 缝纫线
A2: លរ No. 数字 | B2: ប្រភេទម្ជុល Needle Type 针型 | C2: ទំហំ​ SIZE 尺寸 | D2: ចំនួននៅសល់ Stock Left 剩余库存 | E2: ម្ជុលដែលបានផ្តល់ជូន, Issued Needle, 已发放的针头 | F2: តុល្យភាព Balance 平衡 | G2: សំគាល់ Remark 评论 | J2: Line# 1 | K2: Line# 2 | L2: Line# 3 | M2: Line# 4 | N2: Line# 5 | O2: Line# 6 | P2: Line# 7 | Q2: Line# 8 | R2: Line# 9 | S2: Line# 10 | T2: Line# 11 | U2: Line# 12
A3: 1 | B3: DBX1 | C3: 100/16 | D3: 150 | E3: 10 | F3: =D3-E3 -> 140 | G3: ខូច​ Damage 损害 | K3: 3 | L3: 1 | O3: 2 | S3: 4 | X3: ខូច​ Damage 损害
A4: 2 | B4: DBX1 | C4: 90/14 | D4: 860 | E4: 10 | F4: =D4-E4 -> 850 | G4: ខូច​ Damage 损害 | K4: 2 | M4: 1 | N4: 5 | T4: 4 | X4: បាក់​ Broken 破碎的
A5: 3 | B5: DBX1 | C5: 80/12 | D5: 290 | E5: =SUM(J5:U5) -> 0 | F5: =D5-E5 -> 290 | X5: ប្តូរម៉ូដ Change Style, 更改样式
A6: 4 | B6: DBX1 | C6: 65/9 | D6: 60 | E6: =SUM(J6:U6) -> 0 | F6: =D6-E6 -> 60 | X6: បាត់​ Lost 迷失
A7: 5 | B7: DBX1 | C7: 110/18 | D7: 0 | E7: =SUM(J7:U7) -> 0 | F7: =D7-E7 -> 0 | X7: ផ្សេងៗ​ Other 其他
A8: 6 | B8: DCX27 | C8: 100/16 | D8: 880 | E8: 10 | F8: =D8-E8 -> 870 | G8: ខូច​ Damage 损害 | K8: 4 | L8: 4 | Q8: 2
A9: 7 | B9: DCX27 | C9: 90/14 | D9: 890 | E9: =SUM(J9:U9) -> 0 | F9: =D9-E9 -> 890
A10: 8 | B10: DCX27 | C10: 80/12 | D10: 260 | E10: =SUM(J10:U10) -> 0 | F10: =D10-E10 -> 260
A11: 9 | B11: DPX5 | C11: 90/14 | D11: 340 | E11: =SUM(J11:U11) -> 0 | F11: =D11-E11 -> 340
A12: 10 | B12: DPX5 | C12: 120/19 | D12: 0 | E12: =SUM(J12:U12) -> 0 | F12: =D12-E12 -> 0
A13: 11 | B13: DPX5 | C13: 100/16 | D13: 50 | E13: 30 | F13: =D13-E13 -> 20 | G13: បាក់​ Broken 破碎的 | L13: 5 | P13: 3 | Q13: 6 | R13: 1 | S13: 6
A14: 12 | B14: DPX17 | C14: 100/16 | D14: 0 | E14: =SUM(J14:U14) -> 0 | F14: =D14-E14 -> 0
A15: 13 | B15: UOX113 | C15: 100/16 | D15: 610 | E15: =SUM(J15:U15) -> 0 | F15: =D15-E15 -> 610
A16: 14 | B16: DBX1 | C16: 75/11 | D16: 40 | E16: =SUM(J16:U16) -> 0 | F16: =D16-E16 -> 40
A17: 15 | B17: UOX113 | C17: 90/14 | D17: 290 | E17: =SUM(J17:U17) -> 0 | F17: =D17-E17 -> 290
A18: 16 | B18: UYx128 | C18: 100/16 | D18: 500 | E18: =SUM(J18:U18) -> 0 | F18: =D18-E18 -> 500
A19: 17 | B19: UYx128 | C19: 90/14 | D19: 240 | E19: =SUM(J19:U19) -> 0 | F19: =D19-E19 -> 240
D20: =AP20+E20-C20 -> 0
D21: =AP21+E21-C21 -> 0
E22: =SUBTOTAL(9,E3:E21) -> 60 | F22: =SUBTOTAL(9,F3:F21) -> 5400

Sheet 9-17
C1: របាយការណ៏ដូរម្ជុលដេរ​ប្រចាំថ្ងៃ Daily Needles Change Report 每日针头更换报告 | G1: 17-9-2026 | J1: ខ្សែដេរម្ជុលដែលបានផ្តល់ជូន, Issued Needle Sewing Line, 缝纫线
A2: លរ No. 数字 | B2: ប្រភេទម្ជុល Needle Type 针型 | C2: ទំហំ​ SIZE 尺寸 | D2: ចំនួននៅសល់ Stock Left 剩余库存 | E2: ម្ជុលដែលបានផ្តល់ជូន, Issued Needle, 已发放的针头 | F2: តុល្យភាព Balance 平衡 | G2: សំគាល់ Remark 评论 | J2: Line# 1 | K2: Line# 2 | L2: Line# 3 | M2: Line# 4 | N2: Line# 5 | O2: Line# 6 | P2: Line# 7 | Q2: Line# 8 | R2: Line# 9 | S2: Line# 10 | T2: Line# 11 | U2: Line# 12
A3: 1 | B3: DBX1 | C3: 100/16 | D3: 140 | E3: 10 | F3: =D3-E3 -> 130 | G3: ខូច​ Damage 损害 | J3: 2 | K3: 2 | N3: 1 | O3: 1 | R3: 2 | S3: 1 | T3: 1 | X3: ខូច​ Damage 损害
A4: 2 | B4: DBX1 | C4: 90/14 | D4: 850 | E4: =SUM(J4:U4) -> 0 | F4: =D4-E4 -> 850 | X4: បាក់​ Broken 破碎的
A5: 3 | B5: DBX1 | C5: 80/12 | D5: 290 | E5: =SUM(J5:U5) -> 0 | F5: =D5-E5 -> 290 | X5: ប្តូរម៉ូដ Change Style, 更改样式
A6: 4 | B6: DBX1 | C6: 65/9 | D6: 60 | E6: =SUM(J6:U6) -> 0 | F6: =D6-E6 -> 60 | X6: បាត់​ Lost 迷失
A7: 5 | B7: DBX1 | C7: 110/18 | D7: 0 | E7: =SUM(J7:U7) -> 0 | F7: =D7-E7 -> 0 | X7: ផ្សេងៗ​ Other 其他
A8: 6 | B8: DCX27 | C8: 100/16 | D8: 870 | E8: 10 | F8: =D8-E8 -> 860 | G8: ខូច​ Damage 损害 | M8: 4 | O8: 4 | R8: 2
A9: 7 | B9: DCX27 | C9: 90/14 | D9: 890 | E9: =SUM(J9:U9) -> 0 | F9: =D9-E9 -> 890
A10: 8 | B10: DCX27 | C10: 80/12 | D10: 260 | E10: =SUM(J10:U10) -> 0 | F10: =D10-E10 -> 260
A11: 9 | B11: DPX5 | C11: 90/14 | D11: 340 | E11: =SUM(J11:U11) -> 0 | F11: =D11-E11 -> 340
A12: 10 | B12: DPX5 | C12: 120/19 | D12: 0 | E12: =SUM(J12:U12) -> 0 | F12: =D12-E12 -> 0
A13: 11 | B13: DPX5 | C13: 100/16 | D13: 20 | F13: =D13-E13 -> 20
A14: 12 | B14: DPX17 | C14: 100/16 | D14: 0 | E14: =SUM(J14:U14) -> 0 | F14: =D14-E14 -> 0
A15: 13 | B15: UOX113 | C15: 100/16 | D15: 610 | E15: =SUM(J15:U15) -> 0 | F15: =D15-E15 -> 610
A16: 14 | B16: DBX1 | C16: 75/11 | D16: 40 | E16: =SUM(J16:U16) -> 0 | F16: =D16-E16 -> 40
A17: 15 | B17: UOX113 | C17: 90/14 | D17: 290 | E17: =SUM(J17:U17) -> 0 | F17: =D17-E17 -> 290
A18: 16 | B18: UYx128 | C18: 100/16 | D18: 500 | E18: =SUM(J18:U18) -> 0 | F18: =D18-E18 -> 500
A19: 17 | B19: UYx128 | C19: 90/14 | D19: 240 | E19: =SUM(J19:U19) -> 0 | F19: =D19-E19 -> 240
D20: =AP20+E20-C20 -> 0
D21: =AP21+E21-C21 -> 0
E22: =SUBTOTAL(9,E3:E21) -> 20 | F22: =SUBTOTAL(9,F3:F21) -> 5380

Sheet 9-18
C1: របាយការណ៏ដូរម្ជុលដេរ​ប្រចាំថ្ងៃ Daily Needles Change Report 每日针头更换报告 | G1: 18-9-2026 | J1: ខ្សែដេរម្ជុលដែលបានផ្តល់ជូន, Issued Needle Sewing Line, 缝纫线
A2: លរ No. 数字 | B2: ប្រភេទម្ជុល Needle Type 针型 | C2: ទំហំ​ SIZE 尺寸 | D2: ចំនួននៅសល់ Stock Left 剩余库存 | E2: ម្ជុលដែលបានផ្តល់ជូន, Issued Needle, 已发放的针头 | F2: តុល្យភាព Balance 平衡 | G2: សំគាល់ Remark 评论 | J2: Line# 1 | K2: Line# 2 | L2: Line# 3 | M2: Line# 4 | N2: Line# 5 | O2: Line# 6 | P2: Line# 7 | Q2: Line# 8 | R2: Line# 9 | S2: Line# 10 | T2: Line# 11 | U2: Line# 12
A3: 1 | B3: DBX1 | C3: 100/16 | D3: 130 | E3: 10 | F3: =D3-E3 -> 120 | G3: ខូច​ Damage 损害 | J3: 3 | K3: 1 | L3: 1 | O3: 1 | P3: 2 | Q3: 2 | X3: ខូច​ Damage 损害
A4: 2 | B4: DBX1 | C4: 90/14 | D4: 850 | E4: =SUM(J4:U4) -> 0 | F4: =D4-E4 -> 850 | X4: បាក់​ Broken 破碎的
A5: 3 | B5: DBX1 | C5: 80/12 | D5: 290 | E5: 20 | F5: =D5-E5 -> 270 | G5: ខូច​ Damage 损害 | L5: 3 | M5: 7 | N5: 4 | O5: 1 | Q5: 2 | R5: 1 | X5: ប្តូរម៉ូដ Change Style, 更改样式
A6: 4 | B6: DBX1 | C6: 65/9 | D6: 60 | E6: =SUM(J6:U6) -> 0 | F6: =D6-E6 -> 60 | X6: បាត់​ Lost 迷失
A7: 5 | B7: DBX1 | C7: 110/18 | D7: 0 | E7: =SUM(J7:U7) -> 0 | F7: =D7-E7 -> 0 | X7: ផ្សេងៗ​ Other 其他
A8: 6 | B8: DCX27 | C8: 100/16 | D8: 860 | E8: 10 | F8: =D8-E8 -> 850 | G8: ខូច​ Damage 损害 | K8: 2 | N8: 2 | Q8: 4 | R8: 2
A9: 7 | B9: DCX27 | C9: 90/14 | D9: 890 | E9: =SUM(J9:U9) -> 0 | F9: =D9-E9 -> 890
A10: 8 | B10: DCX27 | C10: 80/12 | D10: 260 | E10: =SUM(J10:U10) -> 0 | F10: =D10-E10 -> 260
A11: 9 | B11: DPX5 | C11: 90/14 | D11: 340 | E11: =SUM(J11:U11) -> 0 | F11: =D11-E11 -> 340
A12: 10 | B12: DPX5 | C12: 120/19 | D12: 0 | E12: =SUM(J12:U12) -> 0 | F12: =D12-E12 -> 0
A13: 11 | B13: DPX5 | C13: 100/16 | D13: 20 | E13: 20 | F13: =D13-E13 -> 0 | G13: ខូច​ Damage 损害 | J13: 11 | L13: 2 | M13: 1 | O13: 1 | P13: 3 | R13: 1 | S13: 1
A14: 12 | B14: DPX17 | C14: 100/16 | D14: 0 | E14: =SUM(J14:U14) -> 0 | F14: =D14-E14 -> 0
A15: 13 | B15: UOX113 | C15: 100/16 | D15: 610 | E15: =SUM(J15:U15) -> 0 | F15: =D15-E15 -> 610
A16: 14 | B16: DBX1 | C16: 75/11 | D16: 40 | E16: =SUM(J16:U16) -> 0 | F16: =D16-E16 -> 40
A17: 15 | B17: UOX113 | C17: 90/14 | D17: 290 | E17: =SUM(J17:U17) -> 0 | F17: =D17-E17 -> 290
A18: 16 | B18: UYx128 | C18: 100/16 | D18: 500 | E18: =SUM(J18:U18) -> 0 | F18: =D18-E18 -> 500
A19: 17 | B19: UYx128 | C19: 90/14 | D19: 240 | E19: =SUM(J19:U19) -> 0 | F19: =D19-E19 -> 240
D20: =AP20+E20-C20 -> 0
D21: =AP21+E21-C21 -> 0
E22: =SUBTOTAL(9,E3:E21) -> 60 | F22: =SUBTOTAL(9,F3:F21) -> 5320

Sheet 9-19
C1: របាយការណ៏ដូរម្ជុលដេរ​ប្រចាំថ្ងៃ Daily Needles Change Report 每日针头更换报告 | H1: 19-9-2026 | K1: ខ្សែដេរម្ជុលដែលបានផ្តល់ជូន, Issued Needle Sewing Line, 缝纫线
A2: លរ No. 数字 | B2: ប្រភេទម្ជុល Needle Type 针型 | C2: ទំហំ​ SIZE 尺寸 | D2: ចំនួននៅសល់ Opening Balance 未结余额 | E2: ទទួល​ Received ​已收到 | F2: ម្ជុលដែលបានផ្តល់ជូន, Issued Needle, 已发放的针头 | G2: តុល្យភាព Closing Balance 期末余额 | H2: សំគាល់ Remark 评论 | K2: Line# 1 | L2: Line# 2 | M2: Line# 3 | N2: Line# 4 | O2: Line# 5 | P2: Line# 6 | Q2: Line# 7 | R2: Line# 8 | S2: Line# 9 | T2: Line# 10 | U2: Line# 11 | V2: Line# 12
A3: 1 | B3: DBX1 | C3: 100/16 | D3: =120+E3 -> 620 | E3: 500 | F3: 10 | G3: =D3-F3 -> 610 | H3: ខូច​ Damage 损害 | M3: 3 | O3: 1 | P3: 2 | Q3: 3 | T3: 1 | U3: 2 | Y3: ខូច​ Damage 损害
A4: 2 | B4: DBX1 | C4: 90/14 | D4: =850+E4 -> 850 | F4: 10 | G4: =D4-F4 -> 840 | H4: ខូច​ Damage 损害 | K4: 2 | L4: 4 | M4: 1 | P4: 1 | Q4: 1 | S4: 1 | Y4: បាក់​ Broken 破碎的
A5: 3 | B5: DBX1 | C5: 80/12 | D5: 270 | G5: =D5-F5 -> 270 | Y5: ប្តូរម៉ូដ Change Style, 更改样式
A6: 4 | B6: DBX1 | C6: 65/9 | D6: 60 | F6: =SUM(K6:V6) -> 0 | G6: =D6-F6 -> 60 | Y6: បាត់​ Lost 迷失
A7: 5 | B7: DBX1 | C7: 110/18 | D7: =E7 -> 500 | E7: 500 | F7: =SUM(K7:V7) -> 0 | G7: =D7-F7 -> 500 | Y7: ផ្សេងៗ​ Other 其他
A8: 6 | B8: DCX27 | C8: 100/16 | D8: 850 | F8: 10 | G8: =D8-F8 -> 840 | H8: ខូច​ Damage 损害 | M8: 2 | P8: 2 | Q8: 2 | R8: 1
A9: 7 | B9: DCX27 | C9: 90/14 | D9: 890 | F9: =SUM(K9:V9) -> 0 | G9: =D9-F9 -> 890
A10: 8 | B10: DCX27 | C10: 80/12 | D10: 260 | F10: =SUM(K10:V10) -> 0 | G10: =D10-F10 -> 260
A11: 9 | B11: DPX5 | C11: 90/14 | D11: 340 | F11: =SUM(K11:V11) -> 0 | G11: =D11-F11 -> 340
A12: 10 | B12: DPX5 | C12: 120/19 | D12: =0+E12 -> 500 | E12: 500 | F12: =SUM(K12:V12) -> 0 | G12: =D12-F12 -> 500
A13: 11 | B13: DPX5 | C13: 100/16 | D13: =0+E13 -> 500 | E13: 500 | F13: =SUM(K13:V13) -> 0 | G13: =D13-F13 -> 500
A14: 12 | B14: DPX17 | C14: 100/16 | D14: =0+E14 -> 500 | E14: 500 | F14: =SUM(K14:V14) -> 0 | G14: =D14-F14 -> 500
A15: 13 | B15: UOX113 | C15: 100/16 | D15: 610 | F15: =SUM(K15:V15) -> 0 | G15: =D15-F15 -> 610
A16: 14 | B16: DBX1 | C16: 75/11 | D16: 40 | F16: =SUM(K16:V16) -> 0 | G16: =D16-F16 -> 40
A17: 15 | B17: UOX113 | C17: 90/14 | D17: 290 | F17: =SUM(K17:V17) -> 0 | G17: =D17-F17 -> 290
A18: 16 | B18: UYx128 | C18: 100/16 | D18: 500 | F18: =SUM(K18:V18) -> 0 | G18: =D18-F18 -> 500
A19: 17 | B19: UYx128 | C19: 90/14 | D19: 240 | F19: =SUM(K19:V19) -> 0 | G19: =D19-F19 -> 240
D20: =AQ20+F20-C20 -> 0
D21: =AQ21+F21-C21 -> 0
D22: =SUBTOTAL(9,D3:D21) -> 7820 | E22: =SUBTOTAL(9,E3:E21) -> 2500 | F22: =SUBTOTAL(9,F3:F21) -> 30 | G22: =SUBTOTAL(9,G3:G21) -> 7790

Sheet 9-21
C1: របាយការណ៏ដូរម្ជុលដេរ​ប្រចាំថ្ងៃ Daily Needles Change Report 每日针头更换报告 | H1: 21-9-2026 | K1: ខ្សែដេរម្ជុលដែលបានផ្តល់ជូន, Issued Needle Sewing Line, 缝纫线
A2: លរ No. 数字 | B2: ប្រភេទម្ជុល Needle Type 针型 | C2: ទំហំ​ SIZE 尺寸 | D2: ចំនួននៅសល់ Opening Balance 未结余额 | E2: ទទួល​ Received ​已收到 | F2: ម្ជុលដែលបានផ្តល់ជូន, Issued Needle, 已发放的针头 | G2: តុល្យភាព Closing Balance 期末余额 | H2: សំគាល់ Remark 评论 | K2: Line# 1 | L2: Line# 2 | M2: Line# 3 | N2: Line# 4 | O2: Line# 5 | P2: Line# 6 | Q2: Line# 7 | R2: Line# 8 | S2: Line# 9 | T2: Line# 10 | U2: Line# 11 | V2: Line# 12
A3: 1 | B3: DBX1 | C3: 100/16 | D3: ='9-19'!G3+E3 -> 610 | F3: =SUM(K3:V3) -> 10 | G3: =D3-F3 -> 600 | H3: ផ្សេងៗ​ Other 其他 | K3: 1 | M3: 3 | N3: 1 | Q3: 2 | T3: 1 | U3: 2 | Y3: ខូច​ Damage 损害
A4: 2 | B4: DBX1 | C4: 90/14 | D4: ='9-19'!G4+E4 -> 840 | F4: =SUM(K4:V4) -> 0 | G4: =D4-F4 -> 840 | Y4: បាក់​ Broken 破碎的
A5: 3 | B5: DBX1 | C5: 80/12 | D5: ='9-19'!G5+E5 -> 270 | F5: =SUM(K5:V5) -> 14 | G5: =D5-F5 -> 256 | H5: ខូច​ Damage 损害 | K5: 2 | L5: 2 | M5: 3 | N5: 2 | O5: 2 | P5: 3 | Y5: ប្តូរម៉ូដ Change Style, 更改样式
A6: 4 | B6: DBX1 | C6: 65/9 | D6: ='9-19'!G6+E6 -> 60 | F6: =SUM(K6:V6) -> 0 | G6: =D6-F6 -> 60 | Y6: បាត់​ Lost 迷失
A7: 5 | B7: DBX1 | C7: 110/18 | D7: ='9-19'!G7+E7 -> 500 | F7: =SUM(K7:V7) -> 0 | G7: =D7-F7 -> 500 | H7: ផ្សេងៗ​ Other 其他 | Y7: ផ្សេងៗ​ Other 其他
A8: 6 | B8: DCX27 | C8: 100/16 | D8: ='9-19'!G8+E8 -> 840 | F8: =SUM(K8:V8) -> 0 | G8: =D8-F8 -> 840
A9: 7 | B9: DCX27 | C9: 90/14 | D9: ='9-19'!G9+E9 -> 890 | F9: =SUM(K9:V9) -> 10 | G9: =D9-F9 -> 880 | H9: ខូច​ Damage 损害 | M9: 6 | R9: 3 | T9: 1
A10: 8 | B10: DCX27 | C10: 80/12 | D10: ='9-19'!G10+E10 -> 260 | F10: =SUM(K10:V10) -> 0 | G10: =D10-F10 -> 260
A11: 9 | B11: DPX5 | C11: 90/14 | D11: ='9-19'!G11+E11 -> 340 | F11: =SUM(K11:V11) -> 0 | G11: =D11-F11 -> 340
A12: 10 | B12: DPX5 | C12: 120/19 | D12: ='9-19'!G12+E12 -> 500 | F12: =SUM(K12:V12) -> 0 | G12: =D12-F12 -> 500
A13: 11 | B13: DPX5 | C13: 100/16 | D13: ='9-19'!G13+E13 -> 500 | F13: =SUM(K13:V13) -> 20 | G13: =D13-F13 -> 480 | H13: ផ្សេងៗ​ Other 其他 | K13: 4 | L13: 1 | M13: 1 | O13: 1 | P13: 3 | Q13: 2 | R13: 2 | S13: 1 | T13: 4 | U13: 1
A14: 12 | B14: DPX17 | C14: 100/16 | D14: ='9-19'!G14+E14 -> 500 | F14: =SUM(K14:V14) -> 0 | G14: =D14-F14 -> 500 | H14: ផ្សេងៗ​ Other 其他
A15: 13 | B15: UOX113 | C15: 100/16 | D15: ='9-19'!G15+E15 -> 610 | F15: =SUM(K15:V15) -> 10 | G15: =D15-F15 -> 600 | H15: ខូច​ Damage 损害 | M15: 5 | P15: 3 | Q15: 2
A16: 14 | B16: DBX1 | C16: 75/11 | D16: ='9-19'!G16+E16 -> 40 | F16: =SUM(K16:V16) -> 0 | G16: =D16-F16 -> 40
A17: 15 | B17: UOX113 | C17: 90/14 | D17: ='9-19'!G17+E17 -> 290 | F17: =SUM(K17:V17) -> 0 | G17: =D17-F17 -> 290
A18: 16 | B18: UYx128 | C18: 100/16 | D18: ='9-19'!G18+E18 -> 500 | F18: =SUM(K18:V18) -> 0 | G18: =D18-F18 -> 500
A19: 17 | B19: UYx128 | C19: 90/14 | D19: ='9-19'!G19+E19 -> 240 | F19: =SUM(K19:V19) -> 0 | G19: =D19-F19 -> 240
D22: =SUBTOTAL(9,D3:D21) -> 7790 | E22: =SUBTOTAL(9,E3:E21) -> 0 | F22: =SUBTOTAL(9,F3:F21) -> 64 | G22: =SUBTOTAL(9,G3:G21) -> 7726

Sheet 9-22
C1: របាយការណ៏ដូរម្ជុលដេរ​ប្រចាំថ្ងៃ Daily Needles Change Report 每日针头更换报告 | H1: 22-9-2026 | K1: ខ្សែដេរម្ជុលដែលបានផ្តល់ជូន, Issued Needle Sewing Line, 缝纫线
A2: លរ No. 数字 | B2: ប្រភេទម្ជុល Needle Type 针型 | C2: ទំហំ​ SIZE 尺寸 | D2: ចំនួននៅសល់ Opening Balance 未结余额 | E2: ទទួល​ Received ​已收到 | F2: ម្ជុលដែលបានផ្តល់ជូន, Issued Needle, 已发放的针头 | G2: តុល្យភាព Closing Balance 期末余额 | H2: សំគាល់ Remark 评论 | K2: Line# 1 | L2: Line# 2 | M2: Line# 3 | N2: Line# 4 | O2: Line# 5 | P2: Line# 6 | Q2: Line# 7 | R2: Line# 8 | S2: Line# 9 | T2: Line# 10 | U2: Line# 11 | V2: Line# 12
A3: 1 | B3: DBX1 | C3: 100/16 | D3: ='9-21'!G3+E3 -> 600 | F3: =SUM(K3:V3) -> 20 | G3: =D3-F3 -> 580 | H3: ខូច​ Damage 损害 | K3: 5 | L3: 1 | M3: 4 | O3: 1 | P3: 1 | Q3: 1 | R3: 1 | S3: 2 | T3: 3 | U3: 1 | Y3: ខូច​ Damage 损害
A4: 2 | B4: DBX1 | C4: 90/14 | D4: ='9-21'!G4+E4 -> 840 | F4: =SUM(K4:V4) -> 10 | G4: =D4-F4 -> 830 | H4: ខូច​ Damage 损害 | K4: 1 | M4: 1 | N4: 3 | O4: 1 | R4: 1 | S4: 2 | V4: 1 | Y4: បាក់​ Broken 破碎的
A5: 3 | B5: DBX1 | C5: 80/12 | D5: ='9-21'!G5+E5 -> 256 | F5: =SUM(K5:V5) -> 0 | G5: =D5-F5 -> 256 | Y5: ប្តូរម៉ូដ Change Style, 更改样式
A6: 4 | B6: DBX1 | C6: 65/9 | D6: ='9-21'!G6+E6 -> 60 | F6: =SUM(K6:V6) -> 0 | G6: =D6-F6 -> 60 | Y6: បាត់​ Lost 迷失
A7: 5 | B7: DBX1 | C7: 110/18 | D7: ='9-21'!G7+E7 -> 500 | F7: =SUM(K7:V7) -> 0 | G7: =D7-F7 -> 500 | Y7: ផ្សេងៗ​ Other 其他
A8: 6 | B8: DCX27 | C8: 100/16 | D8: ='9-21'!G8+E8 -> 840 | F8: =SUM(K8:V8) -> 0 | G8: =D8-F8 -> 840
A9: 7 | B9: DCX27 | C9: 90/14 | D9: ='9-21'!G9+E9 -> 880 | F9: =SUM(K9:V9) -> 10 | G9: =D9-F9 -> 870 | H9: ខូច​ Damage 损害 | P9: 2 | Q9: 4 | T9: 4
A10: 8 | B10: DCX27 | C10: 80/12 | D10: ='9-21'!G10+E10 -> 260 | F10: =SUM(K10:V10) -> 0 | G10: =D10-F10 -> 260
A11: 9 | B11: DPX5 | C11: 90/14 | D11: ='9-21'!G11+E11 -> 340 | F11: =SUM(K11:V11) -> 0 | G11: =D11-F11 -> 340
A12: 10 | B12: DPX5 | C12: 120/19 | D12: ='9-21'!G12+E12 -> 500 | F12: =SUM(K12:V12) -> 10 | G12: =D12-F12 -> 490 | H12: ផ្សេងៗ​ Other 其他 | Q12: 3 | T12: 7
A13: 11 | B13: DPX5 | C13: 100/16 | D13: ='9-21'!G13+E13 -> 480 | F13: =SUM(K13:V13) -> 0 | G13: =D13-F13 -> 480
A14: 12 | B14: DPX17 | C14: 100/16 | D14: ='9-21'!G14+E14 -> 500 | F14: =SUM(K14:V14) -> 0 | G14: =D14-F14 -> 500
A15: 13 | B15: UOX113 | C15: 100/16 | D15: ='9-21'!G15+E15 -> 600 | F15: =SUM(K15:V15) -> 10 | G15: =D15-F15 -> 590 | H15: ផ្សេងៗ​ Other 其他 | M15: 1 | Q15: 5 | T15: 4
A16: 14 | B16: DBX1 | C16: 75/11 | D16: ='9-21'!G16+E16 -> 40 | F16: =SUM(K16:V16) -> 0 | G16: =D16-F16 -> 40
A17: 15 | B17: UOX113 | C17: 90/14 | D17: ='9-21'!G17+E17 -> 290 | F17: =SUM(K17:V17) -> 0 | G17: =D17-F17 -> 290
A18: 16 | B18: UYx128 | C18: 100/16 | D18: ='9-21'!G18+E18 -> 500 | F18: =SUM(K18:V18) -> 0 | G18: =D18-F18 -> 500
A19: 17 | B19: UYx128 | C19: 90/14 | D19: ='9-21'!G19+E19 -> 240 | F19: =SUM(K19:V19) -> 0 | G19: =D19-F19 -> 240
D22: =SUBTOTAL(9,D3:D21) -> 7726 | E22: =SUBTOTAL(9,E3:E21) -> 0 | F22: =SUBTOTAL(9,F3:F21) -> 60 | G22: =SUBTOTAL(9,G3:G21) -> 7666

Sheet 9-23
C1: របាយការណ៏ដូរម្ជុលដេរ​ប្រចាំថ្ងៃ Daily Needles Change Report 每日针头更换报告 | H1: 23-9-2026 | K1: ខ្សែដេរម្ជុលដែលបានផ្តល់ជូន, Issued Needle Sewing Line, 缝纫线
A2: លរ No. 数字 | B2: ប្រភេទម្ជុល Needle Type 针型 | C2: ទំហំ​ SIZE 尺寸 | D2: ចំនួននៅសល់ Opening Balance 未结余额 | E2: ទទួល​ Received ​已收到 | F2: ម្ជុលដែលបានផ្តល់ជូន, Issued Needle, 已发放的针头 | G2: តុល្យភាព Closing Balance 期末余额 | H2: សំគាល់ Remark 评论 | K2: Line# 1 | L2: Line# 2 | M2: Line# 3 | N2: Line# 4 | O2: Line# 5 | P2: Line# 6 | Q2: Line# 7 | R2: Line# 8 | S2: Line# 9 | T2: Line# 10 | U2: Line# 11 | V2: Line# 12
A3: 1 | B3: DBX1 | C3: 100/16 | D3: ='9-22'!G3+E3 -> 580 | F3: =SUM(K3:V3) -> 0 | G3: =D3-F3 -> 580 | Y3: ខូច​ Damage 损害
A4: 2 | B4: DBX1 | C4: 90/14 | D4: ='9-22'!G4+E4 -> 830 | F4: =SUM(K4:V4) -> 0 | G4: =D4-F4 -> 830 | Y4: បាក់​ Broken 破碎的
A5: 3 | B5: DBX1 | C5: 80/12 | D5: ='9-22'!G5+E5 -> 256 | F5: =SUM(K5:V5) -> 0 | G5: =D5-F5 -> 256 | Y5: ប្តូរម៉ូដ Change Style, 更改样式
A6: 4 | B6: DBX1 | C6: 65/9 | D6: ='9-22'!G6+E6 -> 60 | F6: =SUM(K6:V6) -> 0 | G6: =D6-F6 -> 60 | Y6: បាត់​ Lost 迷失
A7: 5 | B7: DBX1 | C7: 110/18 | D7: ='9-22'!G7+E7 -> 500 | F7: =SUM(K7:V7) -> 0 | G7: =D7-F7 -> 500 | Y7: ផ្សេងៗ​ Other 其他
A8: 6 | B8: DCX27 | C8: 100/16 | D8: ='9-22'!G8+E8 -> 840 | F8: =SUM(K8:V8) -> 0 | G8: =D8-F8 -> 840
A9: 7 | B9: DCX27 | C9: 90/14 | D9: ='9-22'!G9+E9 -> 870 | F9: 10 | G9: =D9-F9 -> 860 | H9: ខូច​ Damage 损害 | K9: 3 | L9: 4 | M9: 2 | R9: 1
A10: 8 | B10: DCX27 | C10: 80/12 | D10: ='9-22'!G10+E10 -> 260 | F10: =SUM(K10:V10) -> 0 | G10: =D10-F10 -> 260
A11: 9 | B11: DPX5 | C11: 90/14 | D11: ='9-22'!G11+E11 -> 340 | F11: 10 | G11: =D11-F11 -> 330 | H11: ខូច​ Damage 损害 | K11: 7 | R11: 3
A12: 10 | B12: DPX5 | C12: 120/19 | D12: ='9-22'!G12+E12 -> 490 | F12: =SUM(K12:V12) -> 0 | G12: =D12-F12 -> 490
A13: 11 | B13: DPX5 | C13: 100/16 | D13: ='9-22'!G13+E13 -> 480 | F13: 10 | G13: =D13-F13 -> 470 | H13: ខូច​ Damage 损害 | K13: 3 | N13: 2 | Q13: 3 | V13: 2
A14: 12 | B14: DPX17 | C14: 100/16 | D14: ='9-22'!G14+E14 -> 500 | F14: =SUM(K14:V14) -> 0 | G14: =D14-F14 -> 500
A15: 13 | B15: UOX113 | C15: 100/16 | D15: ='9-22'!G15+E15 -> 590 | F15: =SUM(K15:V15) -> 0 | G15: =D15-F15 -> 590
A16: 14 | B16: DBX1 | C16: 75/11 | D16: ='9-22'!G16+E16 -> 40 | F16: =SUM(K16:V16) -> 0 | G16: =D16-F16 -> 40
A17: 15 | B17: UOX113 | C17: 90/14 | D17: ='9-22'!G17+E17 -> 290 | F17: =SUM(K17:V17) -> 0 | G17: =D17-F17 -> 290
A18: 16 | B18: UYx128 | C18: 100/16 | D18: ='9-22'!G18+E18 -> 500 | F18: =SUM(K18:V18) -> 0 | G18: =D18-F18 -> 500
A19: 17 | B19: UYx128 | C19: 90/14 | D19: ='9-22'!G19+E19 -> 240 | F19: =SUM(K19:V19) -> 0 | G19: =D19-F19 -> 240
D22: =SUBTOTAL(9,D3:D21) -> 7666 | E22: =SUBTOTAL(9,E3:E21) -> 0 | F22: =SUBTOTAL(9,F3:F21) -> 30 | G22: =SUBTOTAL(9,G3:G21) -> 7636

Sheet 9-24
C1: របាយការណ៏ដូរម្ជុលដេរ​ប្រចាំថ្ងៃ Daily Needles Change Report 每日针头更换报告 | H1: 24-9-2026 | K1: ខ្សែដេរម្ជុលដែលបានផ្តល់ជូន, Issued Needle Sewing Line, 缝纫线
A2: លរ No. 数字 | B2: ប្រភេទម្ជុល Needle Type 针型 | C2: ទំហំ​ SIZE 尺寸 | D2: ចំនួននៅសល់ Opening Balance 未结余额 | E2: ទទួល​ Received ​已收到 | F2: ម្ជុលដែលបានផ្តល់ជូន, Issued Needle, 已发放的针头 | G2: តុល្យភាព Closing Balance 期末余额 | H2: សំគាល់ Remark 评论 | K2: Line# 1 | L2: Line# 2 | M2: Line# 3 | N2: Line# 4 | O2: Line# 5 | P2: Line# 6 | Q2: Line# 7 | R2: Line# 8 | S2: Line# 9 | T2: Line# 10 | U2: Line# 11 | V2: Line# 12
A3: 1 | B3: DBX1 | C3: 100/16 | D3: ='9-23'!G3+E3 -> 580 | F3: 10 | G3: =D3-F3 -> 570 | H3: ខូច​ Damage 损害 | K3: 3 | L3: 1 | M3: 1 | P3: 1 | U3: 4 | Y3: ខូច​ Damage 损害
A4: 2 | B4: DBX1 | C4: 90/14 | D4: ='9-23'!G4+E4 -> 830 | F4: =SUM(K4:V4) -> 10 | G4: =D4-F4 -> 820 | H4: ខូច​ Damage 损害 | K4: 4 | Q4: 1 | S4: 2 | T4: 2 | U4: 1 | Y4: បាក់​ Broken 破碎的
A5: 3 | B5: DBX1 | C5: 80/12 | D5: ='9-23'!G5+E5 -> 256 | F5: =SUM(K5:V5) -> 10 | G5: 240 | H5: ប្តូរម៉ូដ Change Style, 更改样式 | K5: 10 | Y5: ប្តូរម៉ូដ Change Style, 更改样式
A6: 4 | B6: DBX1 | C6: 65/9 | D6: ='9-23'!G6+E6 -> 60 | F6: =SUM(K6:V6) -> 0 | G6: =D6-F6 -> 60 | Y6: បាត់​ Lost 迷失
A7: 5 | B7: DBX1 | C7: 110/18 | D7: ='9-23'!G7+E7 -> 500 | F7: =SUM(K7:V7) -> 0 | G7: =D7-F7 -> 500 | Y7: ផ្សេងៗ​ Other 其他
A8: 6 | B8: DCX27 | C8: 100/16 | D8: ='9-23'!G8+E8 -> 840 | F8: =SUM(K8:V8) -> 0 | G8: =D8-F8 -> 840
A9: 7 | B9: DCX27 | C9: 90/14 | D9: ='9-23'!G9+E9 -> 860 | F9: =SUM(K9:V9) -> 30 | G9: =D9-F9 -> 830 | H9: ខូច​ Damage 损害 | K9: 8 | N9: 2 | P9: 2 | Q9: 4 | R9: 10 | S9: 4
A10: 8 | B10: DCX27 | C10: 80/12 | D10: ='9-23'!G10+E10 -> 260 | F10: =SUM(K10:V10) -> 20 | G10: =D10-F10 -> 240 | H10: ខូច​ Damage 损害 | K10: 16 | R10: 4
A11: 9 | B11: DPX5 | C11: 90/14 | D11: ='9-23'!G11+E11 -> 330 | F11: =SUM(K11:V11) -> 20 | G11: =D11-F11 -> 310 | H11: ប្តូរម៉ូដ Change Style, 更改样式 | K11: 10 | R11: 10
A12: 10 | B12: DPX5 | C12: 120/19 | D12: ='9-23'!G12+E12 -> 490 | F12: =SUM(K12:V12) -> 0 | G12: =D12-F12 -> 490
A13: 11 | B13: DPX5 | C13: 100/16 | D13: ='9-23'!G13+E13 -> 470 | F13: =SUM(K13:V13) -> 0 | G13: =D13-F13 -> 470
A14: 12 | B14: DPX17 | C14: 100/16 | D14: ='9-23'!G14+E14 -> 500 | F14: =SUM(K14:V14) -> 0 | G14: =D14-F14 -> 500
A15: 13 | B15: UOX113 | C15: 100/16 | D15: ='9-23'!G15+E15 -> 590 | F15: =SUM(K15:V15) -> 10 | G15: =D15-F15 -> 580 | H15: ខូច​ Damage 损害 | M15: 6 | P15: 2 | Q15: 2
A16: 14 | B16: DBX1 | C16: 75/11 | D16: ='9-23'!G16+E16 -> 40 | F16: =SUM(K16:V16) -> 0 | G16: =D16-F16 -> 40
A17: 15 | B17: UOX113 | C17: 90/14 | D17: ='9-23'!G17+E17 -> 290 | F17: =SUM(K17:V17) -> 0 | G17: =D17-F17 -> 290
A18: 16 | B18: UYx128 | C18: 100/16 | D18: ='9-23'!G18+E18 -> 500 | F18: =SUM(K18:V18) -> 0 | G18: =D18-F18 -> 500
A19: 17 | B19: UYx128 | C19: 90/14 | D19: ='9-23'!G19+E19 -> 240 | F19: =SUM(K19:V19) -> 0 | G19: =D19-F19 -> 240
D22: =SUBTOTAL(9,D3:D21) -> 7636 | E22: =SUBTOTAL(9,E3:E21) -> 0 | F22: =SUBTOTAL(9,F3:F21) -> 110 | G22: =SUBTOTAL(9,G3:G21) -> 7520

Sheet 9-25
C1: របាយការណ៏ដូរម្ជុលដេរ​ប្រចាំថ្ងៃ Daily Needles Change Report 每日针头更换报告 | H1: 25-9-2026 | K1: ខ្សែដេរម្ជុលដែលបានផ្តល់ជូន, Issued Needle Sewing Line, 缝纫线
A2: លរ No. 数字 | B2: ប្រភេទម្ជុល Needle Type 针型 | C2: ទំហំ​ SIZE 尺寸 | D2: ចំនួននៅសល់ Opening Balance 未结余额 | E2: ទទួល​ Received ​已收到 | F2: ម្ជុលដែលបានផ្តល់ជូន, Issued Needle, 已发放的针头 | G2: តុល្យភាព Closing Balance 期末余额 | H2: សំគាល់ Remark 评论 | K2: Line# 1 | L2: Line# 2 | M2: Line# 3 | N2: Line# 4 | O2: Line# 5 | P2: Line# 6 | Q2: Line# 7 | R2: Line# 8 | S2: Line# 9 | T2: Line# 10 | U2: Line# 11 | V2: Line# 12
A3: 1 | B3: DBX1 | C3: 100/16 | D3: ='9-24'!G3+E3 -> 570 | F3: 10 | G3: 560 | H3: ខូច​ Damage 损害 | K3: 3 | N3: 1 | P3: 1 | Q3: 2 | R3: 1 | T3: 2 | Y3: ខូច​ Damage 损害
A4: 2 | B4: DBX1 | C4: 90/14 | D4: ='9-24'!G4+E4 -> 820 | F4: 20 | G4: =D4-F4 -> 800 | H4: ខូច​ Damage 损害 | K4: 2 | L4: 3 | M4: 4 | N4: 4 | O4: 2 | P4: 2 | Q4: 1 | S4: 2 | Y4: បាក់​ Broken 破碎的
A5: 3 | B5: DBX1 | C5: 80/12 | D5: ='9-24'!G5+E5 -> 240 | F5: =SUM(K5:V5) -> 0 | G5: =D5-F5 -> 240 | Y5: ប្តូរម៉ូដ Change Style, 更改样式
A6: 4 | B6: DBX1 | C6: 65/9 | D6: ='9-24'!G6+E6 -> 60 | F6: =SUM(K6:V6) -> 0 | G6: =D6-F6 -> 60 | Y6: បាត់​ Lost 迷失
A7: 5 | B7: DBX1 | C7: 110/18 | D7: ='9-24'!G7+E7 -> 500 | F7: =SUM(K7:V7) -> 0 | G7: =D7-F7 -> 500 | Y7: ផ្សេងៗ​ Other 其他
A8: 6 | B8: DCX27 | C8: 100/16 | D8: ='9-24'!G8+E8 -> 840 | F8: 10 | G8: =D8-F8 -> 830 | H8: បាក់​ Broken 破碎的 | K8: 2 | O8: 8
A9: 7 | B9: DCX27 | C9: 90/14 | D9: ='9-24'!G9+E9 -> 830 | F9: =SUM(K9:V9) -> 0 | G9: =D9-F9 -> 830
A10: 8 | B10: DCX27 | C10: 80/12 | D10: ='9-24'!G10+E10 -> 240 | F10: 20 | G10: 220 | H10: ខូច​ Damage 损害 | K10: 11 | N10: 4 | R10: 5
A11: 9 | B11: DPX5 | C11: 90/14 | D11: ='9-24'!G11+E11 -> 310 | F11: 10 | G11: =D11-F11 -> 300 | H11: ខូច​ Damage 损害 | K11: 5 | R11: 5
A12: 10 | B12: DPX5 | C12: 120/19 | D12: ='9-24'!G12+E12 -> 490 | F12: =SUM(K12:V12) -> 0 | G12: =D12-F12 -> 490
A13: 11 | B13: DPX5 | C13: 100/16 | D13: ='9-24'!G13+E13 -> 470 | F13: 10 | G13: =D13-F13 -> 460 | H13: ខូច​ Damage 损害 | K13: 1 | L13: 1 | N13: 2 | O13: 2 | Q13: 4
A14: 12 | B14: DPX17 | C14: 100/16 | D14: ='9-24'!G14+E14 -> 500 | F14: =SUM(K14:V14) -> 0 | G14: =D14-F14 -> 500
A15: 13 | B15: UOX113 | C15: 100/16 | D15: ='9-24'!G15+E15 -> 580 | F15: =SUM(K15:V15) -> 0 | G15: =D15-F15 -> 580
A16: 14 | B16: DBX1 | C16: 75/11 | D16: ='9-24'!G16+E16 -> 40 | F16: =SUM(K16:V16) -> 0 | G16: =D16-F16 -> 40
A17: 15 | B17: UOX113 | C17: 90/14 | D17: ='9-24'!G17+E17 -> 290 | F17: =SUM(K17:V17) -> 0 | G17: =D17-F17 -> 290
A18: 16 | B18: UYx128 | C18: 100/16 | D18: ='9-24'!G18+E18 -> 500 | F18: =SUM(K18:V18) -> 0 | G18: =D18-F18 -> 500
A19: 17 | B19: UYx128 | C19: 90/14 | D19: ='9-24'!G19+E19 -> 240 | F19: =SUM(K19:V19) -> 0 | G19: =D19-F19 -> 240
D22: =SUBTOTAL(9,D3:D21) -> 7520 | E22: =SUBTOTAL(9,E3:E21) -> 0 | F22: =SUBTOTAL(9,F3:F21) -> 80 | G22: =SUBTOTAL(9,G3:G21) -> 7440

Sheet 9-28
C1: របាយការណ៏ដូរម្ជុលដេរ​ប្រចាំថ្ងៃ Daily Needles Change Report 每日针头更换报告 | H1: 28-9-2026 | K1: ខ្សែដេរម្ជុលដែលបានផ្តល់ជូន, Issued Needle Sewing Line, 缝纫线
A2: លរ No. 数字 | B2: ប្រភេទម្ជុល Needle Type 针型 | C2: ទំហំ​ SIZE 尺寸 | D2: ចំនួននៅសល់ Opening Balance 未结余额 | E2: ទទួល​ Received ​已收到 | F2: ម្ជុលដែលបានផ្តល់ជូន, Issued Needle, 已发放的针头 | G2: តុល្យភាព Closing Balance 期末余额 | H2: សំគាល់ Remark 评论 | K2: Line# 1 | L2: Line# 2 | M2: Line# 3 | N2: Line# 4 | O2: Line# 5 | P2: Line# 6 | Q2: Line# 7 | R2: Line# 8 | S2: Line# 9 | T2: Line# 10 | U2: Line# 11 | V2: Line# 12
A3: 1 | B3: DBX1 | C3: 100/16 | D3: ='9-25'!G3+E3 -> 560 | F3: 20 | G3: 540 | H3: ប្តូរម៉ូដ Change Style, 更改样式 | K3: 10 | L3: 3 | P3: 2 | S3: 2 | T3: 3 | Y3: ខូច​ Damage 损害
A4: 2 | B4: DBX1 | C4: 90/14 | D4: ='9-25'!G4+E4 -> 800 | G4: =D4-F4 -> 800 | Y4: បាក់​ Broken 破碎的
A5: 3 | B5: DBX1 | C5: 80/12 | D5: ='9-25'!G5+E5 -> 240 | F5: =SUM(K5:V5) -> 0 | G5: =D5-F5 -> 240 | Y5: ប្តូរម៉ូដ Change Style, 更改样式
A6: 4 | B6: DBX1 | C6: 65/9 | D6: ='9-25'!G6+E6 -> 60 | F6: =SUM(K6:V6) -> 0 | G6: =D6-F6 -> 60 | Y6: បាត់​ Lost 迷失
A7: 5 | B7: DBX1 | C7: 110/18 | D7: ='9-25'!G7+E7 -> 500 | F7: =SUM(K7:V7) -> 0 | G7: =D7-F7 -> 500 | Y7: ផ្សេងៗ​ Other 其他
A8: 6 | B8: DCX27 | C8: 100/16 | D8: ='9-25'!G8+E8 -> 830 | F8: 10 | G8: =D8-F8 -> 820 | H8: ខូច​ Damage 损害 | K8: 5 | Q8: 3 | S8: 2
A9: 7 | B9: DCX27 | C9: 90/14 | D9: ='9-25'!G9+E9 -> 830 | G9: 830
A10: 8 | B10: DCX27 | C10: 80/12 | D10: ='9-25'!G10+E10 -> 220 | F10: 10 | G10: 210 | H10: ខូច​ Damage 损害 | K10: 6 | R10: 4
A11: 9 | B11: DPX5 | C11: 90/14 | D11: ='9-25'!G11+E11 -> 300 | G11: 300
A12: 10 | B12: DPX5 | C12: 120/19 | D12: ='9-25'!G12+E12 -> 490 | F12: =SUM(K12:V12) -> 0 | G12: =D12-F12 -> 490
A13: 11 | B13: DPX5 | C13: 100/16 | D13: ='9-25'!G13+E13 -> 460 | F13: 10 | G13: =D13-F13 -> 450 | H13: ខូច​ Damage 损害 | K13: 2 | M13: 1 | N13: 2 | P13: 2 | Q13: 2 | T13: 1
A14: 12 | B14: DPX17 | C14: 100/16 | D14: ='9-25'!G14+E14 -> 500 | F14: =SUM(K14:V14) -> 0 | G14: =D14-F14 -> 500
A15: 13 | B15: UOX113 | C15: 100/16 | D15: ='9-25'!G15+E15 -> 580 | F15: =SUM(K15:V15) -> 0 | G15: =D15-F15 -> 580
A16: 14 | B16: DBX1 | C16: 75/11 | D16: ='9-25'!G16+E16 -> 40 | F16: =SUM(K16:V16) -> 0 | G16: =D16-F16 -> 40
A17: 15 | B17: UOX113 | C17: 90/14 | D17: ='9-25'!G17+E17 -> 290 | F17: =SUM(K17:V17) -> 0 | G17: =D17-F17 -> 290
A18: 16 | B18: UYx128 | C18: 100/16 | D18: ='9-25'!G18+E18 -> 500 | F18: =SUM(K18:V18) -> 0 | G18: =D18-F18 -> 500
A19: 17 | B19: UYx128 | C19: 90/14 | D19: ='9-25'!G19+E19 -> 240 | F19: =SUM(K19:V19) -> 0 | G19: =D19-F19 -> 240
D22: =SUBTOTAL(9,D3:D21) -> 7440 | E22: =SUBTOTAL(9,E3:E21) -> 0 | F22: =SUBTOTAL(9,F3:F21) -> 50 | G22: =SUBTOTAL(9,G3:G21) -> 7390
