Workbook

Sheet SEP21
V3: DATE
B4: Kinds of Defect | V4: 46286
B5: Dropped Stitch | C5: Shading | D5: Poor Trimming | E5: Non Symtric Parts | F5: Sweep Bowing | G5: Skipped stitch | H5: Puckering or twisted | I5: Broken stitch | J5: No Backtack | K5: Raw Edges | L5: Incorrect stitch count | M5: Incorrect seam allowance | N5: Missing ops | O5: Wrong label | P5: Head Prominent | Q5: Double stitches | R5: Stain & Dirty from sewing | S5: Stain & Dirty from dyeing | T5: Fabric damage | U5: Sewing damage | V5: Total Defect | W5: Sewing Output | X5: Pecentage
A6: L1 | B6: 3 | D6: 2 | E6: 1 | G6: 2 | I6: 2 | N6: 2 | R6: 3 | V6: =SUM(B6:U6) -> 15 | W6: 275 | X6: =V6/W6 -> 0.054545455
A7: L2 | B7: 2 | D7: 7 | E7: 6 | F7: 1 | G7: 3 | H7: 1 | I7: 1 | J7: 1 | P7: 6 | Q7: 3 | R7: 7 | V7: =SUM(B7:U7) -> 38 | W7: 690 | X7: =V7/W7 -> 0.055072464
A8: L3 | B8: 9 | D8: 12 | E8: 1 | G8: 5 | H8: 2 | I8: 4 | K8: 1 | P8: 2 | Q8: 10 | S8: 2 | V8: =SUM(B8:U8) -> 48 | W8: 250 | X8: =V8/W8 -> 0.192
A9: L4 | B9: 5 | E9: 5 | F9: 3 | G9: 2 | I9: 3 | J9: 3 | M9: 4 | P9: 2 | Q9: 4 | R9: 7 | V9: =SUM(B9:U9) -> 38 | W9: 174 | X9: =V9/W9 -> 0.2183908
A10: L5 | B10: 4 | D10: 1 | E10: 3 | F10: 2 | G10: 3 | H10: 1 | I10: 3 | J10: 3 | K10: 1 | Q10: 2 | S10: 2 | V10: =SUM(B10:U10) -> 25 | W10: 600 | X10: =V10/W10 -> 0.041666667
A11: L6 | D11: 1 | E11: 1 | I11: 3 | K11: 2 | M11: 4 | Q11: 2 | V11: =SUM(B11:U11) -> 13 | W11: 120 | X11: =V11/W11 -> 0.10833333
A12: L7 | B12: 4 | E12: 2 | G12: 4 | I12: 5 | J12: 6 | Q12: 5 | R12: 3 | S12: 3 | T12: 1 | V12: =SUM(B12:U12) -> 33 | W12: 120 | X12: =V12/W12 -> 0.275
A13: L8 | B13: 7 | G13: 2 | I13: 9 | N13: 3 | Q13: 2 | S13: 12 | V13: =SUM(B13:U13) -> 35 | W13: 250 | X13: =V13/W13 -> 0.14
A14: L9 | B14: 3 | G14: 10 | H14: 2 | I14: 6 | J14: 2 | K14: 4 | M14: 1 | N14: 1 | P14: 1 | V14: =SUM(B14:U14) -> 30 | W14: 628 | X14: =V14/W14 -> 0.047770701
A15: L10 | B15: 20 | D15: 3 | G15: 9 | I15: 17 | J15: 3 | K15: 1 | M15: 2 | N15: 1 | P15: 2 | Q15: 9 | S15: 3 | T15: 2 | V15: =SUM(B15:U15) -> 72 | W15: 960 | X15: =V15/W15 -> 0.075
A16: L11 | B16: 3 | J16: 2 | K16: 1 | Q16: 3 | S16: 4 | T16: 2 | V16: =SUM(B16:U16) -> 15 | W16: 228 | X16: =V16/W16 -> 0.065789474
A17: Ttl | B17: =SUM(B6:B16) -> 60 | C17: =SUM(C6:C16) -> 0 | D17: =SUM(D6:D16) -> 26 | E17: =SUM(E6:E16) -> 19 | F17: =SUM(F6:F16) -> 6 | G17: =SUM(G6:G16) -> 40 | H17: =SUM(H6:H16) -> 6 | I17: =SUM(I6:I16) -> 53 | ... W17: =SUM(W6:W16) -> 4295 | X17: =V17/W17 -> 0.084284051
A20: Top 3 Defect High Lighted per line

Sheet SEP22
V3: DATE
B4: Kinds of Defect | V4: 46287
B5: Dropped Stitch | C5: Shading | D5: Poor Trimming | E5: Non Symtric Parts | F5: Sweep Bowing | G5: Skipped stitch | H5: Puckering or twisted | I5: Broken stitch | J5: No Backtack | K5: Raw Edges | L5: Incorrect stitch count | M5: Incorrect seam allowance | N5: Missing ops | O5: Wrong label | P5: Head Prominent | Q5: Double stitches | R5: Stain & Dirty from sewing | S5: Stain & Dirty from dyeing | T5: Fabric damage | U5: Sewing damage | V5: Total Defect | W5: Sewing Output | X5: Pecentage
A6: L1 | B6: 1 | D6: 2 | I6: 1 | J6: 2 | P6: 2 | Q6: 2 | R6: 2 | S6: 1 | V6: =SUM(B6:U6) -> 13 | W6: 200 | X6: =V6/W6 -> 0.065
A7: L2 | B7: 4 | D7: 8 | E7: 2 | G7: 1 | H7: 6 | I7: 1 | J7: 3 | K7: 2 | Q7: 2 | R7: 8 | V7: =SUM(B7:U7) -> 37 | W7: 690 | X7: =V7/W7 -> 0.053623188
A8: L3 | B8: 2 | D8: 6 | G8: 6 | I8: 3 | Q8: 5 | V8: =SUM(B8:U8) -> 22 | W8: 25 | X8: =V8/W8 -> 0.88
A9: L4 | B9: 6 | E9: 6 | G9: 3 | H9: 1 | I9: 5 | K9: 4 | M9: 1 | P9: 3 | Q9: 5 | R9: 6 | V9: =SUM(B9:U9) -> 40 | W9: 324 | X9: =V9/W9 -> 0.12345679
A10: L5 | B10: 3 | D10: 2 | E10: 2 | F10: 4 | G10: 2 | J10: 3 | Q10: 4 | S10: 5 | V10: =SUM(B10:U10) -> 25 | W10: 444 | X10: =V10/W10 -> 0.056306306
A11: L6 | D11: 2 | E11: 3 | G11: 3 | H11: 2 | P11: 2 | S11: 2 | V11: =SUM(B11:U11) -> 14 | W11: 120 | X11: =V11/W11 -> 0.11666667
A12: L7 | B12: 3 | E12: 2 | G12: 2 | I12: 4 | J12: 4 | Q12: 4 | R12: 1 | S12: 3 | T12: 1 | V12: =SUM(B12:U12) -> 24 | W12: 120 | X12: =V12/W12 -> 0.2
A13: L8 | B13: 9 | E13: 5 | G13: 8 | H13: 3 | I13: 4 | K13: 1 | M13: 2 | N13: 2 | P13: 1 | S13: 17 | V13: =SUM(B13:U13) -> 52 | W13: 315 | X13: =V13/W13 -> 0.16507937
A14: L9 | B14: 1 | F14: 1 | G14: 1 | I14: 7 | J14: 2 | K14: 5 | M14: 2 | R14: 4 | S14: 9 | V14: =SUM(B14:U14) -> 32 | W14: 600 | X14: =V14/W14 -> 0.053333333
A15: L10 | B15: 11 | D15: 3 | G15: 8 | I15: 10 | J15: 8 | K15: 11 | M15: 3 | P15: 2 | Q15: 6 | R15: 10 | S15: 15 | T15: 4 | V15: =SUM(B15:U15) -> 91 | W15: 1540 | X15: =V15/W15 -> 0.059090909
A16: L11 | B16: 2 | J16: 2 | P16: 2 | Q16: 3 | S16: 5 | T16: 4 | V16: =SUM(B16:U16) -> 18 | W16: 610 | X16: =V16/W16 -> 0.029508197
A17: Ttl | B17: =SUM(B6:B16) -> 42 | C17: =SUM(C6:C16) -> 0 | D17: =SUM(D6:D16) -> 23 | E17: =SUM(E6:E16) -> 20 | F17: =SUM(F6:F16) -> 5 | G17: =SUM(G6:G16) -> 34 | H17: =SUM(H6:H16) -> 12 | I17: =SUM(I6:I16) -> 35 | ... W17: =SUM(W6:W16) -> 4988 | X17: =V17/W17 -> 0.073777065
A19: Top 3 Defect High Lighted per line

Sheet SEP23
V3: DATE
B4: Kinds of Defect | V4: 46288
B5: Dropped Stitch | C5: Shading | D5: Poor Trimming | E5: Non Symtric Parts | F5: Sweep Bowing | G5: Skipped stitch | H5: Puckering or twisted | I5: Broken stitch | J5: No Backtack | K5: Raw Edges | L5: Incorrect stitch count | M5: Incorrect seam allowance | N5: Missing ops | O5: Wrong label | P5: Head Prominent | Q5: Double stitches | R5: Stain & Dirty from sewing | S5: Stain & Dirty from dyeing | T5: Fabric damage | U5: Sewing damage | V5: Total Defect | W5: Sewing Output | X5: Pecentage
A6: L1 | B6: 3 | D6: 1 | F6: 2 | G6: 1 | I6: 2 | M6: 2 | N6: 1 | P6: 1 | R6: 1 | V6: =SUM(B6:U6) -> 14 | W6: 203 | X6: =V6/W6 -> 0.068965517
A7: L2 | B7: 2 | D7: 8 | E7: 3 | F7: 5 | G7: 2 | H7: 2 | I7: 4 | J7: 1 | K7: 4 | P7: 1 | Q7: 2 | R7: 8 | V7: =SUM(B7:U7) -> 42 | W7: 702 | X7: =V7/W7 -> 0.05982906
A8: L3 | B8: 5 | D8: 10 | E8: 1 | G8: 3 | H8: 6 | I8: 5 | J8: 3 | K8: 7 | P8: 2 | Q8: 4 | V8: =SUM(B8:U8) -> 46 | W8: 291 | X8: =V8/W8 -> 0.1580756
A9: L4 | E9: 6 | F9: 3 | G9: 2 | H9: 3 | J9: 5 | K9: 1 | M9: 4 | P9: 4 | Q9: 4 | R9: 5 | V9: =SUM(B9:U9) -> 37 | W9: 314 | X9: =V9/W9 -> 0.11783439
A10: L5 | B10: 2 | D10: 1 | F10: 1 | G10: 2 | I10: 5 | K10: 4 | P10: 3 | S10: 4 | V10: =SUM(B10:U10) -> 22 | W10: 552 | X10: =V10/W10 -> 0.039855072
A11: L6 | B11: 3 | D11: 1 | E11: 1 | I11: 4 | P11: 2 | Q11: 2 | S11: 2 | V11: =SUM(B11:U11) -> 15 | W11: 120 | X11: =V11/W11 -> 0.125
A12: L7 | B12: 2 | E12: 2 | G12: 1 | H12: 1 | I12: 8 | J12: 4 | K12: 3 | Q12: 8 | R12: 3 | S12: 2 | V12: =SUM(B12:U12) -> 34 | W12: 120 | X12: =V12/W12 -> 0.28333333
A13: L8 | B13: 8 | E13: 7 | G13: 6 | H13: 1 | I13: 8 | J13: 4 | N13: 3 | Q13: 1 | S13: 10 | V13: =SUM(B13:U13) -> 48 | W13: 275 | X13: =V13/W13 -> 0.17454545
A14: L9 | B14: 4 | D14: 1 | F14: 1 | G14: 4 | H14: 1 | I14: 7 | J14: 6 | K14: 2 | M14: 2 | P14: 3 | Q14: 2 | R14: 20 | S14: 35 | V14: =SUM(B14:U14) -> 88 | W14: 746 | X14: =V14/W14 -> 0.11796247
A15: L10 | B15: 5 | G15: 10 | J15: 8 | K15: 3 | P15: 2 | Q15: 7 | R15: 6 | S15: 8 | T15: 2 | V15: =SUM(B15:U15) -> 51 | W15: 940 | X15: =V15/W15 -> 0.054255319
A16: L11 | B16: 2 | J16: 3 | Q16: 2 | S16: 2 | V16: =SUM(B16:U16) -> 9 | W16: 300 | X16: =V16/W16 -> 0.03
A17: Ttl | B17: =SUM(B6:B16) -> 36 | C17: =SUM(C6:C16) -> 0 | D17: =SUM(D6:D16) -> 22 | E17: =SUM(E6:E16) -> 20 | F17: =SUM(F6:F16) -> 12 | G17: =SUM(G6:G16) -> 31 | H17: =SUM(H6:H16) -> 14 | I17: =SUM(I6:I16) -> 43 | ... W17: =SUM(W6:W16) -> 4563 | X17: =V17/W17 -> 0.088976551
A19: Top 3 Defect High Lighted per line

Sheet SEP24
V3: DATE
B4: Kinds of Defect | V4: 46289
B5: Dropped Stitch | C5: Shading | D5: Poor Trimming | E5: Non Symtric Parts | F5: Sweep Bowing | G5: Skipped stitch | H5: Puckering or twisted | I5: Broken stitch | J5: No Backtack | K5: Raw Edges | L5: Incorrect stitch count | M5: Incorrect seam allowance | N5: Missing ops | O5: Wrong label | P5: Head Prominent | Q5: Double stitches | R5: Stain & Dirty from sewing | S5: Stain & Dirty from dyeing | T5: Fabric damage | U5: Sewing damage | V5: Total Defect | W5: Sewing Output | X5: Pecentage
A6: L1 | B6: 1 | G6: 1 | I6: 1 | J6: 1 | N6: 1 | P6: 1 | Q6: 1 | R6: 1 | V6: =SUM(B6:U6) -> 8 | W6: 100 | X6: =V6/W6 -> 0.08
A7: L2 | B7: 4 | D7: 10 | E7: 6 | F7: 1 | G7: 4 | H7: 3 | I7: 1 | J7: 2 | K7: 1 | M7: 2 | P7: 2 | Q7: 2 | R7: 8 | V7: =SUM(B7:U7) -> 46 | W7: 702 | X7: =V7/W7 -> 0.065527066
A8: L3 | B8: 3 | D8: 9 | E8: 2 | F8: 1 | H8: 10 | K8: 9 | P8: 3 | Q8: 4 | R8: 1 | V8: =SUM(B8:U8) -> 42 | W8: 384 | X8: =V8/W8 -> 0.109375
A9: L4 | B9: 6 | D9: 3 | E9: 4 | F9: 4 | H9: 3 | I9: 5 | K9: 4 | M9: 3 | P9: 1 | Q9: 5 | R9: 1 | V9: =SUM(B9:U9) -> 39 | W9: 380 | X9: =V9/W9 -> 0.10263158
A10: L5 | B10: 3 | D10: 2 | E10: 5 | H10: 2 | M10: 2 | N10: 4 | Q10: 2 | S10: 5 | V10: =SUM(B10:U10) -> 25 | W10: 504 | X10: =V10/W10 -> 0.049603175
A11: L6 | D11: 2 | E11: 1 | F11: 1 | H11: 2 | K11: 3 | M11: 2 | N11: 2 | P11: 2 | S11: 1 | V11: =SUM(B11:U11) -> 16 | W11: 96 | X11: =V11/W11 -> 0.16666667
A12: L7 | B12: 4 | E12: 1 | G12: 11 | I12: 5 | J12: 4 | Q12: 4 | R12: 2 | S12: 2 | U12: 2 | V12: =SUM(B12:U12) -> 35 | W12: 96 | X12: =V12/W12 -> 0.36458333
A13: L8 | B13: 13 | E13: 6 | I13: 12 | M13: 3 | Q13: 4 | S13: 16 | V13: =SUM(B13:U13) -> 54 | W13: 335 | X13: =V13/W13 -> 0.16119403
A14: L9 | B14: 6 | D14: 3 | F14: 2 | G14: 2 | I14: 3 | K14: 3 | M14: 2 | P14: 3 | S14: 6 | V14: =SUM(B14:U14) -> 30 | W14: 600 | X14: =V14/W14 -> 0.05
A15: L10 | B15: 4 | G15: 5 | J15: 1 | K15: 4 | M15: 6 | P15: 1 | Q15: 3 | R15: 4 | S15: 6 | T15: 2 | V15: =SUM(B15:U15) -> 36 | W15: 672 | X15: =V15/W15 -> 0.053571429
A16: L11 | B16: 1 | J16: 1 | K16: 2 | P16: 2 | R16: 2 | S16: 3 | T16: 1 | V16: =SUM(B16:U16) -> 12 | W16: 396 | X16: =V16/W16 -> 0.03030303
A17: Ttl | B17: =SUM(B6:B16) -> 45 | C17: =SUM(C6:C16) -> 0 | D17: =SUM(D6:D16) -> 29 | E17: =SUM(E6:E16) -> 25 | F17: =SUM(F6:F16) -> 9 | G17: =SUM(G6:G16) -> 23 | H17: =SUM(H6:H16) -> 20 | I17: =SUM(I6:I16) -> 27 | ... W17: =SUM(W6:W16) -> 4265 | X17: =V17/W17 -> 0.08042204
A19: Top 3 Defect High Lighted per line

Sheet SEP25
V3: DATE
B4: Kinds of Defect | V4: 46290
B5: Dropped Stitch | C5: Shading | D5: Poor Trimming | E5: Non Symtric Parts | F5: Sweep Bowing | G5: Skipped stitch | H5: Puckering or twisted | I5: Broken stitch | J5: No Backtack | K5: Raw Edges | L5: Incorrect stitch count | M5: Incorrect seam allowance | N5: Missing ops | O5: Wrong label | P5: Head Prominent | Q5: Double stitches | R5: Stain & Dirty from sewing | S5: Stain & Dirty from dyeing | T5: Fabric damage | U5: Sewing damage | V5: Total Defect | W5: Sewing Output | X5: Pecentage
A6: L1 | B6: 2 | E6: 1 | F6: 1 | G6: 1 | I6: 3 | K6: 2 | M6: 1 | N6: 1 | P6: 1 | R6: 1 | S6: 1 | V6: =SUM(B6:U6) -> 15 | W6: 189 | X6: =V6/W6 -> 0.079365079
A7: L2 | B7: 1 | D7: 8 | E7: 1 | F7: 2 | G7: 1 | H7: 5 | J7: 3 | K7: 1 | L7: 1 | M7: 1 | P7: 6 | Q7: 2 | R7: 7 | V7: =SUM(B7:U7) -> 39 | W7: 672 | X7: =V7/W7 -> 0.058035714
A8: L3 | B8: 3 | D8: 8 | E8: 1 | F8: 1 | G8: 4 | H8: 6 | I8: 5 | K8: 10 | P8: 2 | Q8: 4 | R8: 6 | S8: 1 | V8: =SUM(B8:U8) -> 51 | W8: 396 | X8: =V8/W8 -> 0.12878788
A9: L4 | D9: 4 | E9: 4 | F9: 2 | G9: 2 | H9: 2 | J9: 3 | K9: 2 | M9: 3 | P9: 3 | Q9: 4 | T9: 1 | V9: =SUM(B9:U9) -> 30 | W9: 252 | X9: =V9/W9 -> 0.11904762
A10: L5 | B10: 2 | E10: 3 | G10: 1 | H10: 1 | M10: 3 | P10: 2 | Q10: 2 | R10: 1 | S10: 6 | V10: =SUM(B10:U10) -> 21 | W10: 480 | X10: =V10/W10 -> 0.04375
A11: L6 | B11: 3 | D11: 2 | E11: 2 | F11: 2 | H11: 2 | P11: 4 | S11: 2 | V11: =SUM(B11:U11) -> 17 | W11: 120 | X11: =V11/W11 -> 0.14166667
A12: L7 | B12: 4 | E12: 3 | G12: 8 | I12: 9 | J12: 1 | K12: 2 | Q12: 5 | R12: 4 | T12: 1 | U12: 1 | V12: =SUM(B12:U12) -> 38 | W12: 120 | X12: =V12/W12 -> 0.31666667
A13: L8 | B13: 7 | E13: 5 | H13: 4 | I13: 7 | J13: 3 | M13: 3 | Q13: 6 | S13: 15 | V13: =SUM(B13:U13) -> 50 | W13: 275 | X13: =V13/W13 -> 0.18181818
A14: L9 | B14: 2 | D14: 2 | F14: 2 | G14: 2 | I14: 3 | J14: 3 | K14: 2 | M14: 2 | P14: 2 | Q14: 2 | R14: 1 | S14: 3 | V14: =SUM(B14:U14) -> 26 | W14: 552 | X14: =V14/W14 -> 0.047101449
A15: L10 | B15: 2 | G15: 4 | I15: 4 | J15: 3 | K15: 1 | Q15: 2 | R15: 1 | S15: 5 | T15: 1 | V15: =SUM(B15:U15) -> 23 | W15: 408 | X15: =V15/W15 -> 0.056372549
A16: L11 | V16: =SUM(B16:U16) -> 0 | X16: =V16/W16 -> #DIV/0!
A17: Ttl | B17: =SUM(B6:B16) -> 26 | C17: =SUM(C6:C16) -> 0 | D17: =SUM(D6:D16) -> 24 | E17: =SUM(E6:E16) -> 20 | F17: =SUM(F6:F16) -> 10 | G17: =SUM(G6:G16) -> 23 | H17: =SUM(H6:H16) -> 20 | I17: =SUM(I6:I16) -> 31 | ... W17: =SUM(W6:W16) -> 3464 | X17: =V17/W17 -> 0.089491917
A19: Top 3 Defect High Lighted per line

Sheet SEP26
B4: Kinds of Defect | V4: 46284
B5: Dropped Stitch | C5: Shading | D5: Poor Trimming | E5: Non Symtric Parts | F5: Sweep Bowing | G5: Skipped stitch | H5: Puckering or twisted | I5: Broken stitch | J5: No Backtack | K5: Raw Edges | L5: Incorrect stitch count | M5: Incorrect seam allowance | N5: Missing ops | O5: Wrong label | P5: Head Prominent | Q5: Double stitches | R5: Stain & Dirty from sewing | S5: Stain & Dirty from dyeing | T5: Fabric damage | U5: Sewing damage | V5: Total Defect | W5: Sewing Output | X5: Pecentage
A6: L1 | V6: =SUM(B6:U6) -> 0 | X6: =V6/W6 -> #DIV/0!
A7: L2 | V7: =SUM(B7:U7) -> 0 | X7: =V7/W7 -> #DIV/0!
A8: L3 | V8: =SUM(B8:U8) -> 0 | X8: =V8/W8 -> #DIV/0!
A9: L4 | V9: =SUM(B9:U9) -> 0 | X9: =V9/W9 -> #DIV/0!
A10: L5 | V10: =SUM(B10:U10) -> 0 | X10: =V10/W10 -> #DIV/0!
A11: L6 | V11: =SUM(B11:U11) -> 0 | X11: =V11/W11 -> #DIV/0!
A12: L7 | V12: =SUM(B12:U12) -> 0 | X12: =V12/W12 -> #DIV/0!
A13: L8 | V13: =SUM(B13:U13) -> 0 | X13: =V13/W13 -> #DIV/0!
A14: L9 | V14: =SUM(B14:U14) -> 0 | X14: =V14/W14 -> #DIV/0!
A15: L10 | V15: =SUM(B15:U15) -> 0 | X15: =V15/W15 -> #DIV/0!
A16: L11 | V16: =SUM(B16:U16) -> 0 | X16: =V16/W16 -> #DIV/0!
A17: Ttl | B17: =SUM(B6:B16) -> 0 | C17: =SUM(C6:C16) -> 0 | D17: =SUM(D6:D16) -> 0 | E17: =SUM(E6:E16) -> 0 | F17: =SUM(F6:F16) -> 0 | G17: =SUM(G6:G16) -> 0 | H17: =SUM(H6:H16) -> 0 | I17: =SUM(I6:I16) -> 0 | ... W17: =SUM(W6:W16) -> 0 | X17: =V17/W17 -> #DIV/0!
A19: Top 3 Defect High Lighted per line

Sheet week 12
A1: វ៉ានធីជ រីវើរ ថេកស្ថាយ VANTAGE RIVER TEXTILES CO., LTD.
B4: Kinds of Defect | V4: Week 1
B5: Dropped Stitch | C5: Shading | D5: Poor Trimming | E5: Non Symtric Parts | F5: Sweep Bowing | G5: Skipped stitch | H5: Puckering or twisted | I5: Broken stitch | J5: No Backtack | K5: Raw Edges | L5: Incorrect stitch count | M5: Incorrect seam allowance | N5: Missing ops | O5: Wrong label | P5: Head Prominent | Q5: Double stitches | R5: Stain & Dirty from sewing | S5: Stain & Dirty from dyeing | T5: Fabric damage | U5: Sewing damage | V5: Total Defect | W5: Sewing Output | X5: Pecentage | Y5: Lines | AA5: TOP 3 lines with high % of Defect for week 1
A6: L1 | B6: ='SEP21'!B6+'SEP22'!B6+'SEP23'!B6+'SEP24'!B6+'SEP25'!B6+'SEP26'!B6 -> 10 | C6: ='SEP21'!C6+'SEP22'!C6+'SEP23'!C6+'SEP24'!C6+'SEP25'!C6+'SEP26'!C6 -> 0 | D6: ='SEP21'!D6+'SEP22'!D6+'SEP23'!D6+'SEP24'!D6+'SEP25'!D6+'SEP26'!D6 -> 5 | E6: ='SEP21'!E6+'SEP22'!E6+'SEP23'!E6+'SEP24'!E6+'SEP25'!E6+'SEP26'!E6 -> 2 | F6: ='SEP21'!F6+'SEP22'!F6+'SEP23'!F6+'SEP24'!F6+'SEP25'!F6+'SEP26'!F6 -> 3 | G6: ='SEP21'!G6+'SEP22'!G6+'SEP23'!G6+'SEP24'!G6+'SEP25'!G6+'SEP26'!G6 -> 5 | H6: ='SEP21'!H6+'SEP22'!H6+'SEP23'!H6+'SEP24'!H6+'SEP25'!H6+'SEP26'!H6 -> 0 | I6: ='SEP21'!I6+'SEP22'!I6+'SEP23'!I6+'SEP24'!I6+'SEP25'!I6+'SEP26'!I6 -> 9 | J6: ='SEP21'!J6+'SEP22'!J6+'SEP23'!J6+'SEP24'!J6+'SEP25'!J6+'SEP26'!J6 -> 3 | K6: ='SEP21'!P6+'SEP22'!K6+'SEP23'!K6+'SEP24'!P6+'SEP25'!P6+'SEP26'!K6 -> 2 | L6: ='SEP21'!Q6+'SEP22'!L6+'SEP23'!L6+'SEP24'!Q6+'SEP25'!Q6+'SEP26'!L6 -> 1 | M6: ='SEP21'!R6+'SEP22'!M6+'SEP23'!M6+'SEP24'!R6+'SEP25'!R6+'SEP26'!M6 -> 7 | N6: ='SEP21'!S6+'SEP22'!N6+'SEP23'!N6+'SEP24'!S6+'SEP25'!S6+'SEP26'!N6 -> 2 | O6: ='SEP21'!T6+'SEP22'!O6+'SEP23'!O6+'SEP24'!T6+'SEP25'!T6+'SEP26'!O6 -> 0 | P6: ='SEP21'!U6+'SEP22'!P6+'SEP23'!P6+'SEP24'!U6+'SEP25'!U6+'SEP26'!P6 -> 3 | Q6: ='SEP21'!Q6+'SEP22'!Q6+'SEP23'!Q6+'SEP24'!Q6+'SEP25'!Q6+'SEP26'!L6 -> 3 | R6: ='SEP21'!R6+'SEP22'!R6+'SEP23'!R6+'SEP24'!R6+'SEP25'!R6+'SEP26'!Q6 -> 8 | S6: ='SEP21'!S6+'SEP22'!S6+'SEP23'!S6+'SEP24'!S6+'SEP25'!S6+'SEP26'!R6 -> 2 | T6: ='SEP21'!T6+'SEP22'!T6+'SEP23'!T6+'SEP24'!T6+'SEP25'!T6+'SEP26'!S6 -> 0 | U6: ='SEP21'!U6+'SEP22'!U6+'SEP23'!U6+'SEP24'!U6+'SEP25'!U6+'SEP26'!U6 -> 0 | V6: =SUM(B6:U6) -> 65 | W6: ='SEP21'!W6+'SEP22'!W6+'SEP23'!W6+'SEP24'!W6+'SEP25'!W6+'SEP26'!W6 -> 967 | X6: =V6/W6 -> 0.067218201 | Y6: L1
A7: L2 | B7: ='SEP21'!B7+'SEP22'!B7+'SEP23'!B7+'SEP24'!B7+'SEP25'!B7+'SEP26'!B7 -> 13 | C7: ='SEP21'!C7+'SEP22'!C7+'SEP23'!C7+'SEP24'!C7+'SEP25'!C7+'SEP26'!C7 -> 0 | D7: ='SEP21'!D7+'SEP22'!D7+'SEP23'!D7+'SEP24'!D7+'SEP25'!D7+'SEP26'!D7 -> 41 | E7: ='SEP21'!E7+'SEP22'!E7+'SEP23'!E7+'SEP24'!E7+'SEP25'!E7+'SEP26'!E7 -> 18 | F7: ='SEP21'!F7+'SEP22'!F7+'SEP23'!F7+'SEP24'!F7+'SEP25'!F7+'SEP26'!F7 -> 9 | G7: ='SEP21'!G7+'SEP22'!G7+'SEP23'!G7+'SEP24'!G7+'SEP25'!G7+'SEP26'!G7 -> 11 | H7: ='SEP21'!H7+'SEP22'!H7+'SEP23'!H7+'SEP24'!H7+'SEP25'!H7+'SEP26'!H7 -> 17 | I7: ='SEP21'!I7+'SEP22'!I7+'SEP23'!I7+'SEP24'!I7+'SEP25'!I7+'SEP26'!I7 -> 7 | J7: ='SEP21'!J7+'SEP22'!J7+'SEP23'!J7+'SEP24'!J7+'SEP25'!J7+'SEP26'!J7 -> 10 | K7: ='SEP21'!K7+'SEP22'!K7+'SEP23'!K7+'SEP24'!K7+'SEP25'!K7 -> 8 | L7: ='SEP21'!L7+'SEP22'!L7+'SEP23'!L7+'SEP24'!L7+'SEP25'!L7 -> 1 | M7: ='SEP21'!M7+'SEP22'!M7+'SEP23'!M7+'SEP24'!M7+'SEP25'!M7 -> 3 | N7: ='SEP21'!S7+'SEP22'!N7+'SEP23'!N7+'SEP24'!S7+'SEP25'!S7+'SEP26'!N7 -> 0 | O7: ='SEP21'!T7+'SEP22'!O7+'SEP23'!O7+'SEP24'!T7+'SEP25'!T7+'SEP26'!O7 -> 0 | P7: ='SEP21'!P7+'SEP22'!P7+'SEP23'!P7+'SEP24'!P7+'SEP25'!P7 -> 15 | Q7: ='SEP21'!Q7+'SEP22'!Q7+'SEP23'!Q7+'SEP24'!Q7+'SEP25'!Q7+'SEP26'!L7 -> 11 | R7: ='SEP21'!R7+'SEP22'!R7+'SEP23'!R7+'SEP24'!R7+'SEP25'!R7+'SEP26'!Q7 -> 38 | S7: ='SEP21'!S7+'SEP22'!S7+'SEP23'!S7+'SEP24'!S7+'SEP25'!S7+'SEP26'!R7 -> 0 | T7: ='SEP21'!T7+'SEP22'!T7+'SEP23'!T7+'SEP24'!T7+'SEP25'!T7+'SEP26'!S7 -> 0 | U7: ='SEP21'!U7+'SEP22'!U7+'SEP23'!U7+'SEP24'!U7+'SEP25'!U7+'SEP26'!U7 -> 0 | V7: =SUM(B7:U7) -> 202 | W7: ='SEP21'!W7+'SEP22'!W7+'SEP23'!W7+'SEP24'!W7+'SEP25'!W7+'SEP26'!W7 -> 3456 | X7: =V7/W7 -> 0.058449074 | Y7: L2
A8: L3 | B8: ='SEP21'!B8+'SEP22'!B8+'SEP23'!B8+'SEP24'!B8+'SEP25'!B8+'SEP26'!B8 -> 22 | C8: ='SEP21'!C8+'SEP22'!C8+'SEP23'!C8+'SEP24'!C8+'SEP25'!C8+'SEP26'!C8 -> 0 | D8: ='SEP21'!D8+'SEP22'!D8+'SEP23'!D8+'SEP24'!D8+'SEP25'!D8+'SEP26'!D8 -> 45 | E8: ='SEP21'!E8+'SEP22'!E8+'SEP23'!E8+'SEP24'!E8+'SEP25'!E8+'SEP26'!E8 -> 5 | F8: ='SEP21'!F8+'SEP22'!F8+'SEP23'!F8+'SEP24'!F8+'SEP25'!F8+'SEP26'!F8 -> 2 | G8: ='SEP21'!G8+'SEP22'!G8+'SEP23'!G8+'SEP24'!G8+'SEP25'!G8+'SEP26'!G8 -> 18 | H8: ='SEP21'!H8+'SEP22'!H8+'SEP23'!H8+'SEP24'!H8+'SEP25'!H8+'SEP26'!H8 -> 24 | I8: ='SEP21'!I8+'SEP22'!I8+'SEP23'!I8+'SEP24'!I8+'SEP25'!I8+'SEP26'!I8 -> 17 | J8: ='SEP21'!J8+'SEP22'!J8+'SEP23'!J8+'SEP24'!J8+'SEP25'!J8+'SEP26'!J8 -> 3 | K8: ='SEP21'!K8+'SEP22'!K8+'SEP23'!K8+'SEP24'!K8+'SEP25'!K8 -> 27 | L8: ='SEP21'!L8+'SEP22'!L8+'SEP23'!L8 -> 0 | M8: ='SEP21'!M8+'SEP22'!M8+'SEP23'!M8+'SEP24'!M8+'SEP25'!M8 -> 0 | N8: ='SEP21'!N8+'SEP22'!N8+'SEP23'!N8+'SEP24'!N8+'SEP25'!N8 -> 0 | O8: ='SEP21'!T8+'SEP22'!O8+'SEP23'!O8+'SEP24'!T8+'SEP25'!T8+'SEP26'!O8 -> 0 | P8: ='SEP21'!P8+'SEP22'!P8+'SEP23'!P8+'SEP24'!P8+'SEP25'!P8 -> 9 | Q8: ='SEP21'!Q8+'SEP22'!Q8+'SEP23'!Q8+'SEP24'!Q8+'SEP25'!Q8 -> 27 | R8: ='SEP21'!R8+'SEP22'!R8+'SEP23'!R8+'SEP24'!R8+'SEP25'!R8+'SEP26'!Q8 -> 7 | S8: ='SEP21'!S8+'SEP22'!S8+'SEP23'!S8+'SEP24'!S8+'SEP25'!S8+'SEP26'!R8 -> 3 | T8: ='SEP21'!T8+'SEP22'!T8+'SEP23'!T8+'SEP24'!T8+'SEP25'!T8+'SEP26'!S8 -> 0 | U8: ='SEP21'!U8+'SEP22'!U8+'SEP23'!U8+'SEP24'!U8+'SEP25'!U8+'SEP26'!U8 -> 0 | V8: =SUM(B8:U8) -> 209 | W8: ='SEP21'!W8+'SEP22'!W8+'SEP23'!W8+'SEP24'!W8+'SEP25'!W8+'SEP26'!W8 -> 1346 | X8: =V8/W8 -> 0.15527489 | Y8: L3
A9: L4 | B9: ='SEP21'!B9+'SEP22'!B9+'SEP23'!B9+'SEP24'!B9+'SEP25'!B9+'SEP26'!B9 -> 17 | C9: ='SEP21'!C9+'SEP22'!C9+'SEP23'!C9+'SEP24'!C9+'SEP25'!C9+'SEP26'!C9 -> 0 | D9: ='SEP21'!D9+'SEP22'!D9+'SEP23'!D9+'SEP24'!D9+'SEP25'!D9+'SEP26'!D9 -> 7 | E9: ='SEP21'!E9+'SEP22'!E9+'SEP23'!E9+'SEP24'!E9+'SEP25'!E9+'SEP26'!E9 -> 25 | F9: ='SEP21'!F9+'SEP22'!F9+'SEP23'!F9+'SEP24'!F9+'SEP25'!F9+'SEP26'!F9 -> 12 | G9: ='SEP21'!G9+'SEP22'!G9+'SEP23'!G9+'SEP24'!G9+'SEP25'!G9+'SEP26'!G9 -> 9 | H9: ='SEP21'!H9+'SEP22'!H9+'SEP23'!H9+'SEP24'!H9+'SEP25'!H9+'SEP26'!H9 -> 9 | I9: ='SEP21'!I9+'SEP22'!I9+'SEP23'!I9+'SEP24'!I9+'SEP25'!I9+'SEP26'!I9 -> 13 | J9: ='SEP21'!J9+'SEP22'!J9+'SEP23'!J9+'SEP24'!J9+'SEP25'!J9+'SEP26'!J9 -> 11 | K9: ='SEP21'!P9+'SEP22'!K9+'SEP23'!K9+'SEP24'!P9+'SEP25'!P9+'SEP26'!K9 -> 11 | L9: ='SEP21'!L9+'SEP22'!L9+'SEP23'!L9+'SEP24'!L9+'SEP25'!L9 -> 0 | M9: ='SEP21'!M9+'SEP22'!M9+'SEP23'!M9+'SEP24'!M9+'SEP25'!M9 -> 15 | N9: ='SEP21'!S9+'SEP22'!N9+'SEP23'!N9+'SEP24'!S9+'SEP25'!S9+'SEP26'!N9 -> 0 | O9: ='SEP21'!O9+'SEP22'!O9+'SEP23'!O9+'SEP24'!O9+'SEP25'!O9 -> 0 | P9: ='SEP21'!P9+'SEP22'!P9+'SEP23'!P9+'SEP24'!P9+'SEP25'!P9 -> 13 | Q9: ='SEP21'!Q9+'SEP22'!Q9+'SEP23'!Q9+'SEP24'!Q9+'SEP25'!Q9+'SEP26'!L9 -> 22 | R9: ='SEP21'!R9+'SEP22'!R9+'SEP23'!R9+'SEP24'!R9+'SEP25'!R9+'SEP26'!Q9 -> 19 | S9: ='SEP21'!S9+'SEP22'!S9+'SEP23'!S9+'SEP24'!S9+'SEP25'!S9+'SEP26'!R9 -> 0 | T9: ='SEP21'!T9+'SEP22'!T9+'SEP23'!T9+'SEP24'!T9+'SEP25'!T9+'SEP26'!S9 -> 1 | U9: ='SEP21'!U9+'SEP22'!U9+'SEP23'!U9+'SEP24'!U9+'SEP25'!U9+'SEP26'!U9 -> 0 | V9: =SUM(B9:U9) -> 184 | W9: ='SEP21'!W9+'SEP22'!W9+'SEP23'!W9+'SEP24'!W9+'SEP25'!W9+'SEP26'!W9 -> 1444 | X9: =V9/W9 -> 0.12742382 | Y9: L4
A10: L5 | B10: ='SEP21'!B10+'SEP22'!B10+'SEP23'!B10+'SEP24'!B10+'SEP25'!B10+'SEP26'!B10 -> 14 | C10: ='SEP21'!C10+'SEP22'!C10+'SEP23'!C10+'SEP24'!C10+'SEP25'!C10+'SEP26'!C10 -> 0 | D10: ='SEP21'!D10+'SEP22'!D10+'SEP23'!D10+'SEP24'!D10+'SEP25'!D10+'SEP26'!D10 -> 6 | E10: ='SEP21'!E10+'SEP22'!E10+'SEP23'!E10+'SEP24'!E10+'SEP25'!E10+'SEP26'!E10 -> 13 | F10: ='SEP21'!F10+'SEP22'!F10+'SEP23'!F10+'SEP24'!F10+'SEP25'!F10+'SEP26'!F10 -> 7 | G10: ='SEP21'!G10+'SEP22'!G10+'SEP23'!G10+'SEP24'!G10+'SEP25'!G10+'SEP26'!G10 -> 8 | H10: ='SEP21'!H10+'SEP22'!H10+'SEP23'!H10+'SEP24'!H10+'SEP25'!H10+'SEP26'!H10 -> 4 | I10: ='SEP21'!I10+'SEP22'!I10+'SEP23'!I10+'SEP24'!I10+'SEP25'!I10+'SEP26'!I10 -> 8 | J10: ='SEP21'!J10+'SEP22'!J10+'SEP23'!J10+'SEP24'!J10+'SEP25'!J10+'SEP26'!J10 -> 6 | K10: ='SEP21'!K10+'SEP22'!K10+'SEP23'!K10+'SEP24'!K10+'SEP25'!K10 -> 5 | L10: ='SEP21'!L10+'SEP22'!L10+'SEP23'!L10+'SEP24'!L10+'SEP25'!L10 -> 0 | M10: ='SEP21'!M10+'SEP22'!M10+'SEP23'!M10+'SEP24'!M10+'SEP25'!M9 -> 5 | N10: ='SEP21'!N10+'SEP22'!N10+'SEP23'!N10+'SEP24'!N10+'SEP25'!N10 -> 4 | O10: ='SEP21'!T10+'SEP22'!O10+'SEP23'!O10+'SEP24'!T10+'SEP25'!T10+'SEP26'!O10 -> 0 | P10: ='SEP21'!P10+'SEP22'!P10+'SEP23'!P10+'SEP24'!P10+'SEP25'!P10 -> 5 | Q10: ='SEP21'!Q10+'SEP22'!Q10+'SEP23'!Q10+'SEP24'!Q10+'SEP25'!Q10+'SEP26'!L10 -> 10 | R10: ='SEP21'!R10+'SEP22'!R10+'SEP23'!R10+'SEP24'!R10+'SEP25'!R10+'SEP26'!Q10 -> 1 | S10: ='SEP21'!S10+'SEP22'!S10+'SEP23'!S10+'SEP24'!S10+'SEP25'!S10+'SEP26'!R10 -> 22 | T10: ='SEP21'!T10+'SEP22'!T10+'SEP23'!T10+'SEP24'!T10+'SEP25'!T10+'SEP26'!S10 -> 0 | U10: ='SEP21'!U10+'SEP22'!U10+'SEP23'!U10+'SEP24'!U10+'SEP25'!U10+'SEP26'!U10 -> 0 | V10: =SUM(B10:U10) -> 118 | W10: ='SEP21'!W10+'SEP22'!W10+'SEP23'!W10+'SEP24'!W10+'SEP25'!W10+'SEP26'!W10 -> 2580 | X10: =V10/W10 -> 0.045736434 | Y10: L5
A11: L6 | B11: ='SEP21'!B11+'SEP22'!B11+'SEP23'!B11+'SEP24'!B11+'SEP25'!B11+'SEP26'!B11 -> 6 | C11: ='SEP21'!C11+'SEP22'!C11+'SEP23'!C11+'SEP24'!C11+'SEP25'!C11+'SEP26'!C11 -> 0 | D11: ='SEP21'!D11+'SEP22'!D11+'SEP23'!D11+'SEP24'!D11+'SEP25'!D11+'SEP26'!D11 -> 8 | E11: ='SEP21'!E11+'SEP22'!E11+'SEP23'!E11+'SEP24'!E11+'SEP25'!E11+'SEP26'!E11 -> 8 | F11: ='SEP21'!F11+'SEP22'!F11+'SEP23'!F11+'SEP24'!F11+'SEP25'!F11+'SEP26'!F11 -> 3 | G11: ='SEP21'!G11+'SEP22'!G11+'SEP23'!G11+'SEP24'!G11+'SEP25'!G11+'SEP26'!G11 -> 3 | H11: ='SEP21'!H11+'SEP22'!H11+'SEP23'!H11+'SEP24'!H11+'SEP25'!H11+'SEP26'!H11 -> 6 | I11: ='SEP21'!I11+'SEP22'!I11+'SEP23'!I11+'SEP24'!I11+'SEP25'!I11+'SEP26'!I11 -> 7 | J11: ='SEP21'!J11+'SEP22'!J11+'SEP23'!J11+'SEP24'!J11+'SEP25'!J11+'SEP26'!J11 -> 0 | K11: ='SEP21'!K11+'SEP22'!K11+'SEP23'!K11+'SEP24'!K11+'SEP25'!K11 -> 5 | L11: ='SEP21'!L11+'SEP22'!L11+'SEP23'!L11+'SEP24'!L11+'SEP25'!L11 -> 0 | M11: ='SEP21'!M11+'SEP22'!M11+'SEP23'!M11+'SEP24'!M11+'SEP25'!M11 -> 6 | N11: ='SEP21'!N11+'SEP22'!N11+'SEP23'!N11+'SEP24'!N11+'SEP25'!N11 -> 2 | O11: ='SEP21'!T11+'SEP22'!O11+'SEP23'!O11+'SEP24'!T11+'SEP25'!T11+'SEP26'!O11 -> 0 | P11: ='SEP21'!P11+'SEP22'!P11+'SEP23'!P11+'SEP24'!P11+'SEP25'!P11 -> 10 | Q11: ='SEP21'!Q11+'SEP22'!Q11+'SEP23'!Q11+'SEP24'!Q11+'SEP25'!Q11 -> 4 | R11: ='SEP21'!R11+'SEP22'!R11+'SEP23'!R11+'SEP24'!R11+'SEP25'!R11+'SEP26'!Q11 -> 0 | S11: ='SEP21'!S11+'SEP22'!S11+'SEP23'!S11+'SEP24'!S11+'SEP25'!S11+'SEP26'!R11 -> 7 | T11: ='SEP21'!T11+'SEP22'!T11+'SEP23'!T11+'SEP24'!T11+'SEP25'!T11+'SEP26'!S11 -> 0 | U11: ='SEP21'!U11+'SEP22'!U11+'SEP23'!U11+'SEP24'!U11+'SEP25'!U11+'SEP26'!U11 -> 0 | V11: =SUM(B11:U11) -> 75 | W11: ='SEP21'!W11+'SEP22'!W11+'SEP23'!W11+'SEP24'!W11+'SEP25'!W11+'SEP26'!W11 -> 576 | X11: =V11/W11 -> 0.13020833 | Y11: L6
A12: L7 | B12: ='SEP21'!B12+'SEP22'!B12+'SEP23'!B12+'SEP24'!B12+'SEP25'!B12+'SEP26'!B12 -> 17 | C12: ='SEP21'!C12+'SEP22'!C12+'SEP23'!C12+'SEP24'!C12+'SEP25'!C12+'SEP26'!C12 -> 0 | D12: ='SEP21'!D12+'SEP22'!D12+'SEP23'!D12+'SEP24'!D12+'SEP25'!D12+'SEP26'!D12 -> 0 | E12: ='SEP21'!E12+'SEP22'!E12+'SEP23'!E12+'SEP24'!E12+'SEP25'!E12+'SEP26'!E12 -> 10 | F12: ='SEP21'!F12+'SEP22'!F12+'SEP23'!F12+'SEP24'!F12+'SEP25'!F12+'SEP26'!F12 -> 0 | G12: ='SEP21'!G12+'SEP22'!G12+'SEP23'!G12+'SEP24'!G12+'SEP25'!G12+'SEP26'!G12 -> 26 | H12: ='SEP21'!H12+'SEP22'!H12+'SEP23'!H12+'SEP24'!H12+'SEP25'!H12+'SEP26'!H12 -> 1 | I12: ='SEP21'!I12+'SEP22'!I12+'SEP23'!I12+'SEP24'!I12+'SEP25'!I12+'SEP26'!I12 -> 31 | ... U12: ='SEP21'!U12+'SEP22'!U12+'SEP23'!U12+'SEP24'!U12+'SEP25'!U12+'SEP26'!U12 -> 3 | V12: =SUM(B12:U12) -> 164 | W12: ='SEP21'!W12+'SEP22'!W12+'SEP23'!W12+'SEP24'!W12+'SEP25'!W12+'SEP26'!W12 -> 576 | X12: =V12/W12 -> 0.28472222 | Y12: L7
A13: L8 | B13: ='SEP21'!B13+'SEP22'!B13+'SEP23'!B13+'SEP24'!B13+'SEP25'!B13+'SEP26'!B13 -> 44 | C13: ='SEP21'!C13+'SEP22'!C13+'SEP23'!C13+'SEP24'!C13+'SEP25'!C13+'SEP26'!C13 -> 0 | D13: ='SEP21'!D13+'SEP22'!D13+'SEP23'!D13+'SEP24'!D13+'SEP25'!D13+'SEP26'!D13 -> 0 | E13: ='SEP21'!E13+'SEP22'!E13+'SEP23'!E13+'SEP24'!E13+'SEP25'!E13+'SEP26'!E13 -> 23 | F13: ='SEP21'!F13+'SEP22'!F13+'SEP23'!F13+'SEP24'!F13+'SEP25'!F13+'SEP26'!F13 -> 0 | G13: ='SEP21'!G13+'SEP22'!G13+'SEP23'!G13+'SEP24'!G13+'SEP25'!G13+'SEP26'!G13 -> 16 | H13: ='SEP21'!H13+'SEP22'!H13+'SEP23'!H13+'SEP24'!H13+'SEP25'!H13+'SEP26'!H13 -> 8 | I13: ='SEP21'!I13+'SEP22'!I13+'SEP23'!I13+'SEP24'!I13+'SEP25'!I13+'SEP26'!I13 -> 40 | ... U13: ='SEP21'!U13+'SEP22'!U13+'SEP23'!U13+'SEP24'!U13+'SEP25'!U13+'SEP26'!U13 -> 0 | V13: =SUM(B13:U13) -> 239 | W13: ='SEP21'!W13+'SEP22'!W13+'SEP23'!W13+'SEP24'!W13+'SEP25'!W13+'SEP26'!W13 -> 1450 | X13: =V13/W13 -> 0.16482759 | Y13: L8
A14: L9 | B14: ='SEP21'!B14+'SEP22'!B14+'SEP23'!B14+'SEP24'!B14+'SEP25'!B14+'SEP26'!B14 -> 16 | C14: ='SEP21'!C14+'SEP22'!C14+'SEP23'!C14+'SEP24'!C14+'SEP25'!C14+'SEP26'!C14 -> 0 | D14: ='SEP21'!D14+'SEP22'!D14+'SEP23'!D14+'SEP24'!D14+'SEP25'!D14+'SEP26'!D14 -> 6 | E14: ='SEP21'!E14+'SEP22'!E14+'SEP23'!E14+'SEP24'!E14+'SEP25'!E14+'SEP26'!E14 -> 0 | F14: ='SEP21'!F14+'SEP22'!F14+'SEP23'!F14+'SEP24'!F14+'SEP25'!F14+'SEP26'!F14 -> 6 | G14: ='SEP21'!G14+'SEP22'!G14+'SEP23'!G14+'SEP24'!G14+'SEP25'!G14+'SEP26'!G14 -> 19 | H14: ='SEP21'!H14+'SEP22'!H14+'SEP23'!H14+'SEP24'!H14+'SEP25'!H14+'SEP26'!H14 -> 3 | I14: ='SEP21'!I14+'SEP22'!I14+'SEP23'!I14+'SEP24'!I14+'SEP25'!I14+'SEP26'!I14 -> 26 | ... U14: ='SEP21'!U14+'SEP22'!U14+'SEP23'!U14+'SEP24'!U14+'SEP25'!U14+'SEP26'!U14 -> 0 | V14: =SUM(B14:U14) -> 206 | W14: ='SEP21'!W14+'SEP22'!W14+'SEP23'!W14+'SEP24'!W14+'SEP25'!W14+'SEP26'!W14 -> 3126 | X14: =V14/W14 -> 0.065898912 | Y14: L9
A15: L10 | B15: ='SEP21'!B15+'SEP22'!B15+'SEP23'!B15+'SEP24'!B15+'SEP25'!B15+'SEP26'!B15 -> 42 | C15: ='SEP21'!C15+'SEP22'!C15+'SEP23'!C15+'SEP24'!C15+'SEP25'!C15+'SEP26'!C15 -> 0 | D15: ='SEP21'!D15+'SEP22'!D15+'SEP23'!D15+'SEP24'!D15+'SEP25'!D15+'SEP26'!D15 -> 6 | E15: ='SEP21'!E15+'SEP22'!E15+'SEP23'!E15+'SEP24'!E15+'SEP25'!E15+'SEP26'!E15 -> 0 | F15: ='SEP21'!F15+'SEP22'!F15+'SEP23'!F15+'SEP24'!F15+'SEP25'!F15+'SEP26'!F15 -> 0 | G15: ='SEP21'!G15+'SEP22'!G15+'SEP23'!G15+'SEP24'!G15+'SEP25'!G15+'SEP26'!G15 -> 36 | H15: ='SEP21'!H15+'SEP22'!H15+'SEP23'!H15+'SEP24'!H15+'SEP25'!H15+'SEP26'!H15 -> 0 | I15: ='SEP21'!I15+'SEP22'!I15+'SEP23'!I15+'SEP24'!I15+'SEP25'!I15+'SEP26'!I15 -> 31 | ... U15: ='SEP21'!U15+'SEP22'!U15+'SEP23'!U15+'SEP24'!U15+'SEP25'!U15+'SEP26'!U15 -> 0 | V15: =SUM(B15:U15) -> 273 | W15: ='SEP21'!W15+'SEP22'!W15+'SEP23'!W15+'SEP24'!W15+'SEP25'!W15+'SEP26'!W15 -> 4520 | X15: =V15/W15 -> 0.06039823 | Y15: L10
A16: L11 | B16: ='SEP21'!B16+'SEP22'!B16+'SEP23'!B16+'SEP24'!B16+'SEP25'!B16+'SEP26'!B16 -> 8 | C16: ='SEP21'!C16+'SEP22'!C16+'SEP23'!C16+'SEP24'!C16+'SEP25'!C16+'SEP26'!C16 -> 0 | D16: ='SEP21'!D16+'SEP22'!D16+'SEP23'!D16+'SEP24'!D16+'SEP25'!D16+'SEP26'!D16 -> 0 | E16: ='SEP21'!E16+'SEP22'!E16+'SEP23'!E16+'SEP24'!E16+'SEP25'!E16+'SEP26'!E16 -> 0 | F16: ='SEP21'!F16+'SEP22'!F16+'SEP23'!F16+'SEP24'!F16+'SEP25'!F16+'SEP26'!F16 -> 0 | G16: ='SEP21'!G16+'SEP22'!G16+'SEP23'!G16+'SEP24'!G16+'SEP25'!G16+'SEP26'!G16 -> 0 | H16: ='SEP21'!H16+'SEP22'!H16+'SEP23'!H16+'SEP24'!H16+'SEP25'!H16+'SEP26'!H16 -> 0 | I16: ='SEP21'!I16+'SEP22'!I16+'SEP23'!I16+'SEP24'!I16+'SEP25'!I16+'SEP26'!I16 -> 0 | ... U16: ='SEP21'!U16+'SEP22'!U16+'SEP23'!U16+'SEP24'!U16+'SEP25'!U16+'SEP26'!U16 -> 0 | V16: =SUM(B16:U16) -> 54 | W16: ='SEP21'!W16+'SEP22'!W16+'SEP23'!W16+'SEP24'!W16+'SEP25'!W16+'SEP26'!W16 -> 1534 | X16: =V16/W16 -> 0.035202086 | Y16: L11
A17: Ttl | B17: =SUM(B6:B16) -> 209 | C17: =SUM(C6:C16) -> 0 | D17: =SUM(D6:D16) -> 124 | E17: =SUM(E6:E16) -> 104 | F17: =SUM(F6:F16) -> 42 | G17: =SUM(G6:G16) -> 151 | H17: =SUM(H6:H16) -> 72 | I17: =SUM(I6:I16) -> 189 | ... W17: =SUM(W6:W16) -> 21575 | X17: =V17/W17 -> 0.082920046
A19: Top 3 Defect High Lighted per week
B21: TOP 3 DEFECT FOR THE WEEK
B22: TOP 1 | C22: =LARGE(B17:U17,1) -> 218 | D22: Stain & Dirty from dyeing
B23: TOP 2 | C23: =LARGE(B17:U17,2) -> 209 | D23: Dropped Stitch
B24: TOP 3 | C24: =LARGE(B17:U17,3) -> 189 | D24: Broken stitch
